,acwi_monthly_return,ust10y_monthly_return,usd_pln,edo_reference_monthly_return,cpi_prev_year_100,avg_gross_wage_pln
1928-01,,0.0006935738438047512,,,,
1928-02,,0.0006935738438047512,,,,
1928-03,,0.0006935738438047512,,,,
1928-04,,0.0006935738438047512,,,,
1928-05,,0.0006935738438047512,,,,
1928-06,,0.0006935738438047512,,,,
1928-07,,0.0006935738438047512,,,,
1928-08,,0.0006935738438047512,,,,
1928-09,,0.0006935738438047512,,,,
1928-10,,0.0006935738438047512,,,,
1928-11,,0.0006935738438047512,,,,
1928-12,,0.0006935738438047512,,,,
1929-01,,0.0034374320390586632,,,,
1929-02,,0.0034374320390586632,,,,
1929-03,,0.0034374320390586632,,,,
1929-04,,0.0034374320390586632,,,,
1929-05,,0.0034374320390586632,,,,
1929-06,,0.0034374320390586632,,,,
1929-07,,0.0034374320390586632,,,,
1929-08,,0.0034374320390586632,,,,
1929-09,,0.0034374320390586632,,,,
1929-10,,0.0034374320390586632,,,,
1929-11,,0.0034374320390586632,,,,
1929-12,,0.0034374320390586632,,,,
1930-01,,0.003707564166618882,,,,
1930-02,,0.003707564166618882,,,,
1930-03,,0.003707564166618882,,,,
1930-04,,0.003707564166618882,,,,
1930-05,,0.003707564166618882,,,,
1930-06,,0.003707564166618882,,,,
1930-07,,0.003707564166618882,,,,
1930-08,,0.003707564166618882,,,,
1930-09,,0.003707564166618882,,,,
1930-10,,0.003707564166618882,,,,
1930-11,,0.003707564166618882,,,,
1930-12,,0.003707564166618882,,,,
1931-01,,-0.0021578053458258806,,,,
1931-02,,-0.0021578053458258806,,,,
1931-03,,-0.0021578053458258806,,,,
1931-04,,-0.0021578053458258806,,,,
1931-05,,-0.0021578053458258806,,,,
1931-06,,-0.0021578053458258806,,,,
1931-07,,-0.0021578053458258806,,,,
1931-08,,-0.0021578053458258806,,,,
1931-09,,-0.0021578053458258806,,,,
1931-10,,-0.0021578053458258806,,,,
1931-11,,-0.0021578053458258806,,,,
1931-12,,-0.0021578053458258806,,,,
1932-01,,0.007045709561813496,,,,
1932-02,,0.007045709561813496,,,,
1932-03,,0.007045709561813496,,,,
1932-04,,0.007045709561813496,,,,
1932-05,,0.007045709561813496,,,,
1932-06,,0.007045709561813496,,,,
1932-07,,0.007045709561813496,,,,
1932-08,,0.007045709561813496,,,,
1932-09,,0.007045709561813496,,,,
1932-10,,0.007045709561813496,,,,
1932-11,,0.007045709561813496,,,,
1932-12,,0.007045709561813496,,,,
1933-01,,0.0015330671658257966,,,,
1933-02,,0.0015330671658257966,,,,
1933-03,,0.0015330671658257966,,,,
1933-04,,0.0015330671658257966,,,,
1933-05,,0.0015330671658257966,,,,
1933-06,,0.0015330671658257966,,,,
1933-07,,0.0015330671658257966,,,,
1933-08,,0.0015330671658257966,,,,
1933-09,,0.0015330671658257966,,,,
1933-10,,0.0015330671658257966,,,,
1933-11,,0.0015330671658257966,,,,
1933-12,,0.0015330671658257966,,,,
1934-01,,0.006405636357930122,,,,
1934-02,,0.006405636357930122,,,,
1934-03,,0.006405636357930122,,,,
1934-04,,0.006405636357930122,,,,
1934-05,,0.006405636357930122,,,,
1934-06,,0.006405636357930122,,,,
1934-07,,0.006405636357930122,,,,
1934-08,,0.006405636357930122,,,,
1934-09,,0.006405636357930122,,,,
1934-10,,0.006405636357930122,,,,
1934-11,,0.006405636357930122,,,,
1934-12,,0.006405636357930122,,,,
1935-01,,0.003652434257156445,,,,
1935-02,,0.003652434257156445,,,,
1935-03,,0.003652434257156445,,,,
1935-04,,0.003652434257156445,,,,
1935-05,,0.003652434257156445,,,,
1935-06,,0.003652434257156445,,,,
1935-07,,0.003652434257156445,,,,
1935-08,,0.003652434257156445,,,,
1935-09,,0.003652434257156445,,,,
1935-10,,0.003652434257156445,,,,
1935-11,,0.003652434257156445,,,,
1935-12,,0.003652434257156445,,,,
1936-01,,0.0040883673001970156,,,,
1936-02,,0.0040883673001970156,,,,
1936-03,,0.0040883673001970156,,,,
1936-04,,0.0040883673001970156,,,,
1936-05,,0.0040883673001970156,,,,
1936-06,,0.0040883673001970156,,,,
1936-07,,0.0040883673001970156,,,,
1936-08,,0.0040883673001970156,,,,
1936-09,,0.0040883673001970156,,,,
1936-10,,0.0040883673001970156,,,,
1936-11,,0.0040883673001970156,,,,
1936-12,,0.0040883673001970156,,,,
1937-01,,0.0011420870066216615,,,,
1937-02,,0.0011420870066216615,,,,
1937-03,,0.0011420870066216615,,,,
1937-04,,0.0011420870066216615,,,,
1937-05,,0.0011420870066216615,,,,
1937-06,,0.0011420870066216615,,,,
1937-07,,0.0011420870066216615,,,,
1937-08,,0.0011420870066216615,,,,
1937-09,,0.0011420870066216615,,,,
1937-10,,0.0011420870066216615,,,,
1937-11,,0.0011420870066216615,,,,
1937-12,,0.0011420870066216615,,,,
1938-01,,0.0034450104944965254,,,,
1938-02,,0.0034450104944965254,,,,
1938-03,,0.0034450104944965254,,,,
1938-04,,0.0034450104944965254,,,,
1938-05,,0.0034450104944965254,,,,
1938-06,,0.0034450104944965254,,,,
1938-07,,0.0034450104944965254,,,,
1938-08,,0.0034450104944965254,,,,
1938-09,,0.0034450104944965254,,,,
1938-10,,0.0034450104944965254,,,,
1938-11,,0.0034450104944965254,,,,
1938-12,,0.0034450104944965254,,,,
1939-01,,0.0036045582567809653,,,,
1939-02,,0.0036045582567809653,,,,
1939-03,,0.0036045582567809653,,,,
1939-04,,0.0036045582567809653,,,,
1939-05,,0.0036045582567809653,,,,
1939-06,,0.0036045582567809653,,,,
1939-07,,0.0036045582567809653,,,,
1939-08,,0.0036045582567809653,,,,
1939-09,,0.0036045582567809653,,,,
1939-10,,0.0036045582567809653,,,,
1939-11,,0.0036045582567809653,,,,
1939-12,,0.0036045582567809653,,,,
1940-01,,0.0043942929135736275,,,,
1940-02,,0.0043942929135736275,,,,
1940-03,,0.0043942929135736275,,,,
1940-04,,0.0043942929135736275,,,,
1940-05,,0.0043942929135736275,,,,
1940-06,,0.0043942929135736275,,,,
1940-07,,0.0043942929135736275,,,,
1940-08,,0.0043942929135736275,,,,
1940-09,,0.0043942929135736275,,,,
1940-10,,0.0043942929135736275,,,,
1940-11,,0.0043942929135736275,,,,
1940-12,,0.0043942929135736275,,,,
1941-01,,-0.0017009882553415956,,,,
1941-02,,-0.0017009882553415956,,,,
1941-03,,-0.0017009882553415956,,,,
1941-04,,-0.0017009882553415956,,,,
1941-05,,-0.0017009882553415956,,,,
1941-06,,-0.0017009882553415956,,,,
1941-07,,-0.0017009882553415956,,,,
1941-08,,-0.0017009882553415956,,,,
1941-09,,-0.0017009882553415956,,,,
1941-10,,-0.0017009882553415956,,,,
1941-11,,-0.0017009882553415956,,,,
1941-12,,-0.0017009882553415956,,,,
1942-01,,0.0018925654668286995,,,,
1942-02,,0.0018925654668286995,,,,
1942-03,,0.0018925654668286995,,,,
1942-04,,0.0018925654668286995,,,,
1942-05,,0.0018925654668286995,,,,
1942-06,,0.0018925654668286995,,,,
1942-07,,0.0018925654668286995,,,,
1942-08,,0.0018925654668286995,,,,
1942-09,,0.0018925654668286995,,,,
1942-10,,0.0018925654668286995,,,,
1942-11,,0.0018925654668286995,,,,
1942-12,,0.0018925654668286995,,,,
1943-01,,0.002051689077593899,,,,
1943-02,,0.002051689077593899,,,,
1943-03,,0.002051689077593899,,,,
1943-04,,0.002051689077593899,,,,
1943-05,,0.002051689077593899,,,,
1943-06,,0.002051689077593899,,,,
1943-07,,0.002051689077593899,,,,
1943-08,,0.002051689077593899,,,,
1943-09,,0.002051689077593899,,,,
1943-10,,0.002051689077593899,,,,
1943-11,,0.002051689077593899,,,,
1943-12,,0.002051689077593899,,,,
1944-01,,0.00212304281247766,,,,
1944-02,,0.00212304281247766,,,,
1944-03,,0.00212304281247766,,,,
1944-04,,0.00212304281247766,,,,
1944-05,,0.00212304281247766,,,,
1944-06,,0.00212304281247766,,,,
1944-07,,0.00212304281247766,,,,
1944-08,,0.00212304281247766,,,,
1944-09,,0.00212304281247766,,,,
1944-10,,0.00212304281247766,,,,
1944-11,,0.00212304281247766,,,,
1944-12,,0.00212304281247766,,,,
1945-01,,0.0031163741722215477,,,,
1945-02,,0.0031163741722215477,,,,
1945-03,,0.0031163741722215477,,,,
1945-04,,0.0031163741722215477,,,,
1945-05,,0.0031163741722215477,,,,
1945-06,,0.0031163741722215477,,,,
1945-07,,0.0031163741722215477,,,,
1945-08,,0.0031163741722215477,,,,
1945-09,,0.0031163741722215477,,,,
1945-10,,0.0031163741722215477,,,,
1945-11,,0.0031163741722215477,,,,
1945-12,,0.0031163741722215477,,,,
1946-01,,0.002570329390430892,,,,
1946-02,,0.002570329390430892,,,,
1946-03,,0.002570329390430892,,,,
1946-04,,0.002570329390430892,,,,
1946-05,,0.002570329390430892,,,,
1946-06,,0.002570329390430892,,,,
1946-07,,0.002570329390430892,,,,
1946-08,,0.002570329390430892,,,,
1946-09,,0.002570329390430892,,,,
1946-10,,0.002570329390430892,,,,
1946-11,,0.002570329390430892,,,,
1946-12,,0.002570329390430892,,,,
1947-01,,0.0007632022142638473,,,,
1947-02,,0.0007632022142638473,,,,
1947-03,,0.0007632022142638473,,,,
1947-04,,0.0007632022142638473,,,,
1947-05,,0.0007632022142638473,,,,
1947-06,,0.0007632022142638473,,,,
1947-07,,0.0007632022142638473,,,,
1947-08,,0.0007632022142638473,,,,
1947-09,,0.0007632022142638473,,,,
1947-10,,0.0007632022142638473,,,,
1947-11,,0.0007632022142638473,,,,
1947-12,,0.0007632022142638473,,,,
1948-01,,0.0016115039172774903,,,,
1948-02,,0.0016115039172774903,,,,
1948-03,,0.0016115039172774903,,,,
1948-04,,0.0016115039172774903,,,,
1948-05,,0.0016115039172774903,,,,
1948-06,,0.0016115039172774903,,,,
1948-07,,0.0016115039172774903,,,,
1948-08,,0.0016115039172774903,,,,
1948-09,,0.0016115039172774903,,,,
1948-10,,0.0016115039172774903,,,,
1948-11,,0.0016115039172774903,,,,
1948-12,,0.0016115039172774903,,,,
1949-01,,0.003805565716949344,,,,
1949-02,,0.003805565716949344,,,,
1949-03,,0.003805565716949344,,,,
1949-04,,0.003805565716949344,,,,
1949-05,,0.003805565716949344,,,,
1949-06,,0.003805565716949344,,,,
1949-07,,0.003805565716949344,,,,
1949-08,,0.003805565716949344,,,,
1949-09,,0.003805565716949344,,,,
1949-10,,0.003805565716949344,,,,
1949-11,,0.003805565716949344,,,,
1949-12,,0.003805565716949344,,,,
1950-01,,0.0003572934920235138,,,,
1950-02,,0.0003572934920235138,,,,
1950-03,,0.0003572934920235138,,,,
1950-04,,0.0003572934920235138,,,,
1950-05,,0.0003572934920235138,,,,
1950-06,,0.0003572934920235138,,,,
1950-07,,0.0003572934920235138,,,,
1950-08,,0.0003572934920235138,,,,
1950-09,,0.0003572934920235138,,,,
1950-10,,0.0003572934920235138,,,,
1950-11,,0.0003572934920235138,,,,
1950-12,,0.0003572934920235138,,,,
1951-01,,-0.0002464286598291565,,,,
1951-02,,-0.0002464286598291565,,,,
1951-03,,-0.0002464286598291565,,,,
1951-04,,-0.0002464286598291565,,,,
1951-05,,-0.0002464286598291565,,,,
1951-06,,-0.0002464286598291565,,,,
1951-07,,-0.0002464286598291565,,,,
1951-08,,-0.0002464286598291565,,,,
1951-09,,-0.0002464286598291565,,,,
1951-10,,-0.0002464286598291565,,,,
1951-11,,-0.0002464286598291565,,,,
1951-12,,-0.0002464286598291565,,,,
1952-01,,0.0018706303938522684,,,,
1952-02,,0.0018706303938522684,,,,
1952-03,,0.0018706303938522684,,,,
1952-04,,0.0018706303938522684,,,,
1952-05,,0.0018706303938522684,,,,
1952-06,,0.0018706303938522684,,,,
1952-07,,0.0018706303938522684,,,,
1952-08,,0.0018706303938522684,,,,
1952-09,,0.0018706303938522684,,,,
1952-10,,0.0018706303938522684,,,,
1952-11,,0.0018706303938522684,,,,
1952-12,,0.0018706303938522684,,,,
1953-01,,0.003389300483124247,,,,
1953-02,,0.003389300483124247,,,,
1953-03,,0.003389300483124247,,,,
1953-04,,0.003389300483124247,,,,
1953-05,,0.003389300483124247,,,,
1953-06,,0.003389300483124247,,,,
1953-07,,0.003389300483124247,,,,
1953-08,,0.003389300483124247,,,,
1953-09,,0.003389300483124247,,,,
1953-10,,0.003389300483124247,,,,
1953-11,,0.003389300483124247,,,,
1953-12,,0.003389300483124247,,,,
1954-01,,0.0027010142831362938,,,,
1954-02,,0.0027010142831362938,,,,
1954-03,,0.0027010142831362938,,,,
1954-04,,0.0027010142831362938,,,,
1954-05,,0.0027010142831362938,,,,
1954-06,,0.0027010142831362938,,,,
1954-07,,0.0027010142831362938,,,,
1954-08,,0.0027010142831362938,,,,
1954-09,,0.0027010142831362938,,,,
1954-10,,0.0027010142831362938,,,,
1954-11,,0.0027010142831362938,,,,
1954-12,,0.0027010142831362938,,,,
1955-01,,-0.0011205798880052908,,,,
1955-02,,-0.0011205798880052908,,,,
1955-03,,-0.0011205798880052908,,,,
1955-04,,-0.0011205798880052908,,,,
1955-05,,-0.0011205798880052908,,,,
1955-06,,-0.0011205798880052908,,,,
1955-07,,-0.0011205798880052908,,,,
1955-08,,-0.0011205798880052908,,,,
1955-09,,-0.0011205798880052908,,,,
1955-10,,-0.0011205798880052908,,,,
1955-11,,-0.0011205798880052908,,,,
1955-12,,-0.0011205798880052908,,,,
1956-01,,-0.0018995316062661027,,,,
1956-02,,-0.0018995316062661027,,,,
1956-03,,-0.0018995316062661027,,,,
1956-04,,-0.0018995316062661027,,,,
1956-05,,-0.0018995316062661027,,,,
1956-06,,-0.0018995316062661027,,,,
1956-07,,-0.0018995316062661027,,,,
1956-08,,-0.0018995316062661027,,,,
1956-09,,-0.0018995316062661027,,,,
1956-10,,-0.0018995316062661027,,,,
1956-11,,-0.0018995316062661027,,,,
1956-12,,-0.0018995316062661027,,,,
1957-01,,0.005495023439140878,,,,
1957-02,,0.005495023439140878,,,,
1957-03,,0.005495023439140878,,,,
1957-04,,0.005495023439140878,,,,
1957-05,,0.005495023439140878,,,,
1957-06,,0.005495023439140878,,,,
1957-07,,0.005495023439140878,,,,
1957-08,,0.005495023439140878,,,,
1957-09,,0.005495023439140878,,,,
1957-10,,0.005495023439140878,,,,
1957-11,,0.005495023439140878,,,,
1957-12,,0.005495023439140878,,,,
1958-01,,-0.0017662389984212101,,,,
1958-02,,-0.0017662389984212101,,,,
1958-03,,-0.0017662389984212101,,,,
1958-04,,-0.0017662389984212101,,,,
1958-05,,-0.0017662389984212101,,,,
1958-06,,-0.0017662389984212101,,,,
1958-07,,-0.0017662389984212101,,,,
1958-08,,-0.0017662389984212101,,,,
1958-09,,-0.0017662389984212101,,,,
1958-10,,-0.0017662389984212101,,,,
1958-11,,-0.0017662389984212101,,,,
1958-12,,-0.0017662389984212101,,,,
1959-01,,-0.0022327412454288265,,,,
1959-02,,-0.0022327412454288265,,,,
1959-03,,-0.0022327412454288265,,,,
1959-04,,-0.0022327412454288265,,,,
1959-05,,-0.0022327412454288265,,,,
1959-06,,-0.0022327412454288265,,,,
1959-07,,-0.0022327412454288265,,,,
1959-08,,-0.0022327412454288265,,,,
1959-09,,-0.0022327412454288265,,,,
1959-10,,-0.0022327412454288265,,,,
1959-11,,-0.0022327412454288265,,,,
1959-12,,-0.0022327412454288265,,,,
1960-01,,0.009217621091351491,,,,
1960-02,,0.009217621091351491,,,,
1960-03,,0.009217621091351491,,,,
1960-04,,0.009217621091351491,,,,
1960-05,,0.009217621091351491,,,,
1960-06,,0.009217621091351491,,,,
1960-07,,0.009217621091351491,,,,
1960-08,,0.009217621091351491,,,,
1960-09,,0.009217621091351491,,,,
1960-10,,0.009217621091351491,,,,
1960-11,,0.009217621091351491,,,,
1960-12,,0.009217621091351491,,,,
1961-01,,0.0017014217637933982,,,,
1961-02,,0.0017014217637933982,,,,
1961-03,,0.0017014217637933982,,,,
1961-04,,0.0017014217637933982,,,,
1961-05,,0.0017014217637933982,,,,
1961-06,,0.0017014217637933982,,,,
1961-07,,0.0017014217637933982,,,,
1961-08,,0.0017014217637933982,,,,
1961-09,,0.0017014217637933982,,,,
1961-10,,0.0017014217637933982,,,,
1961-11,,0.0017014217637933982,,,,
1961-12,,0.0017014217637933982,,,,
1962-01,,0.0046251319743007,,,,
1962-02,,0.0046251319743007,,,,
1962-03,,0.0046251319743007,,,,
1962-04,,0.0046251319743007,,,,
1962-05,,0.0046251319743007,,,,
1962-06,,0.0046251319743007,,,,
1962-07,,0.0046251319743007,,,,
1962-08,,0.0046251319743007,,,,
1962-09,,0.0046251319743007,,,,
1962-10,,0.0046251319743007,,,,
1962-11,,0.0046251319743007,,,,
1962-12,,0.0046251319743007,,,,
1963-01,,0.0013927500700749995,,,,
1963-02,,0.0013927500700749995,,,,
1963-03,,0.0013927500700749995,,,,
1963-04,,0.0013927500700749995,,,,
1963-05,,0.0013927500700749995,,,,
1963-06,,0.0013927500700749995,,,,
1963-07,,0.0013927500700749995,,,,
1963-08,,0.0013927500700749995,,,,
1963-09,,0.0013927500700749995,,,,
1963-10,,0.0013927500700749995,,,,
1963-11,,0.0013927500700749995,,,,
1963-12,,0.0013927500700749995,,,,
1964-01,,0.0030548672954167078,,,,
1964-02,,0.0030548672954167078,,,,
1964-03,,0.0030548672954167078,,,,
1964-04,,0.0030548672954167078,,,,
1964-05,,0.0030548672954167078,,,,
1964-06,,0.0030548672954167078,,,,
1964-07,,0.0030548672954167078,,,,
1964-08,,0.0030548672954167078,,,,
1964-09,,0.0030548672954167078,,,,
1964-10,,0.0030548672954167078,,,,
1964-11,,0.0030548672954167078,,,,
1964-12,,0.0030548672954167078,,,,
1965-01,,0.0005970812206781417,,,,
1965-02,,0.0005970812206781417,,,,
1965-03,,0.0005970812206781417,,,,
1965-04,,0.0005970812206781417,,,,
1965-05,,0.0005970812206781417,,,,
1965-06,,0.0005970812206781417,,,,
1965-07,,0.0005970812206781417,,,,
1965-08,,0.0005970812206781417,,,,
1965-09,,0.0005970812206781417,,,,
1965-10,,0.0005970812206781417,,,,
1965-11,,0.0005970812206781417,,,,
1965-12,,0.0005970812206781417,,,,
1966-01,,0.002391574030812249,,,,
1966-02,,0.002391574030812249,,,,
1966-03,,0.002391574030812249,,,,
1966-04,,0.002391574030812249,,,,
1966-05,,0.002391574030812249,,,,
1966-06,,0.002391574030812249,,,,
1966-07,,0.002391574030812249,,,,
1966-08,,0.002391574030812249,,,,
1966-09,,0.002391574030812249,,,,
1966-10,,0.002391574030812249,,,,
1966-11,,0.002391574030812249,,,,
1966-12,,0.002391574030812249,,,,
1967-01,,-0.001326824005900562,,,,
1967-02,,-0.001326824005900562,,,,
1967-03,,-0.001326824005900562,,,,
1967-04,,-0.001326824005900562,,,,
1967-05,,-0.001326824005900562,,,,
1967-06,,-0.001326824005900562,,,,
1967-07,,-0.001326824005900562,,,,
1967-08,,-0.001326824005900562,,,,
1967-09,,-0.001326824005900562,,,,
1967-10,,-0.001326824005900562,,,,
1967-11,,-0.001326824005900562,,,,
1967-12,,-0.001326824005900562,,,,
1968-01,,0.002688730238911363,,,,
1968-02,,0.002688730238911363,,,,
1968-03,,0.002688730238911363,,,,
1968-04,,0.002688730238911363,,,,
1968-05,,0.002688730238911363,,,,
1968-06,,0.002688730238911363,,,,
1968-07,,0.002688730238911363,,,,
1968-08,,0.002688730238911363,,,,
1968-09,,0.002688730238911363,,,,
1968-10,,0.002688730238911363,,,,
1968-11,,0.002688730238911363,,,,
1968-12,,0.002688730238911363,,,,
1969-01,,-0.004277591009557269,,,,
1969-02,,-0.004277591009557269,,,,
1969-03,,-0.004277591009557269,,,,
1969-04,,-0.004277591009557269,,,,
1969-05,,-0.004277591009557269,,,,
1969-06,,-0.004277591009557269,,,,
1969-07,,-0.004277591009557269,,,,
1969-08,,-0.004277591009557269,,,,
1969-09,,-0.004277591009557269,,,,
1969-10,,-0.004277591009557269,,,,
1969-11,,-0.004277591009557269,,,,
1969-12,,-0.004277591009557269,,,,
1970-01,,0.01299245165744023,,,,
1970-02,,0.01299245165744023,,,,
1970-03,,0.01299245165744023,,,,
1970-04,,0.01299245165744023,,,,
1970-05,,0.01299245165744023,,,,
1970-06,,0.01299245165744023,,,,
1970-07,,0.01299245165744023,,,,
1970-08,,0.01299245165744023,,,,
1970-09,,0.01299245165744023,,,,
1970-10,,0.01299245165744023,,,,
1970-11,,0.01299245165744023,,,,
1970-12,,0.01299245165744023,,,,
1971-01,,0.00781126644186414,,,,
1971-02,,0.00781126644186414,,,,
1971-03,,0.00781126644186414,,,,
1971-04,,0.00781126644186414,,,,
1971-05,,0.00781126644186414,,,,
1971-06,,0.00781126644186414,,,,
1971-07,,0.00781126644186414,,,,
1971-08,,0.00781126644186414,,,,
1971-09,,0.00781126644186414,,,,
1971-10,,0.00781126644186414,,,,
1971-11,,0.00781126644186414,,,,
1971-12,,0.00781126644186414,,,,
1972-01,,0.002318902538741341,,,,
1972-02,,0.002318902538741341,,,,
1972-03,,0.002318902538741341,,,,
1972-04,,0.002318902538741341,,,,
1972-05,,0.002318902538741341,,,,
1972-06,,0.002318902538741341,,,,
1972-07,,0.002318902538741341,,,,
1972-08,,0.002318902538741341,,,,
1972-09,,0.002318902538741341,,,,
1972-10,,0.002318902538741341,,,,
1972-11,,0.002318902538741341,,,,
1972-12,,0.002318902538741341,,,,
1973-01,,0.0029989248226671705,,,,
1973-02,,0.0029989248226671705,,,,
1973-03,,0.0029989248226671705,,,,
1973-04,,0.0029989248226671705,,,,
1973-05,,0.0029989248226671705,,,,
1973-06,,0.0029989248226671705,,,,
1973-07,,0.0029989248226671705,,,,
1973-08,,0.0029989248226671705,,,,
1973-09,,0.0029989248226671705,,,,
1973-10,,0.0029989248226671705,,,,
1973-11,,0.0029989248226671705,,,,
1973-12,,0.0029989248226671705,,,,
1974-01,,0.0016422588309099595,,,,
1974-02,,0.0016422588309099595,,,,
1974-03,,0.0016422588309099595,,,,
1974-04,,0.0016422588309099595,,,,
1974-05,,0.0016422588309099595,,,,
1974-06,,0.0016422588309099595,,,,
1974-07,,0.0016422588309099595,,,,
1974-08,,0.0016422588309099595,,,,
1974-09,,0.0016422588309099595,,,,
1974-10,,0.0016422588309099595,,,,
1974-11,,0.0016422588309099595,,,,
1974-12,,0.0016422588309099595,,,,
1975-01,,0.002955847678455914,,,,
1975-02,,0.002955847678455914,,,,
1975-03,,0.002955847678455914,,,,
1975-04,,0.002955847678455914,,,,
1975-05,,0.002955847678455914,,,,
1975-06,,0.002955847678455914,,,,
1975-07,,0.002955847678455914,,,,
1975-08,,0.002955847678455914,,,,
1975-09,,0.002955847678455914,,,,
1975-10,,0.002955847678455914,,,,
1975-11,,0.002955847678455914,,,,
1975-12,,0.002955847678455914,,,,
1976-01,,0.012433907780047493,,,,
1976-02,,0.012433907780047493,,,,
1976-03,,0.012433907780047493,,,,
1976-04,,0.012433907780047493,,,,
1976-05,,0.012433907780047493,,,,
1976-06,,0.012433907780047493,,,,
1976-07,,0.012433907780047493,,,,
1976-08,,0.012433907780047493,,,,
1976-09,,0.012433907780047493,,,,
1976-10,,0.012433907780047493,,,,
1976-11,,0.012433907780047493,,,,
1976-12,,0.012433907780047493,,,,
1977-01,,0.0010686635142407308,,,,
1977-02,,0.0010686635142407308,,,,
1977-03,,0.0010686635142407308,,,,
1977-04,,0.0010686635142407308,,,,
1977-05,,0.0010686635142407308,,,,
1977-06,,0.0010686635142407308,,,,
1977-07,,0.0010686635142407308,,,,
1977-08,,0.0010686635142407308,,,,
1977-09,,0.0010686635142407308,,,,
1977-10,,0.0010686635142407308,,,,
1977-11,,0.0010686635142407308,,,,
1977-12,,0.0010686635142407308,,,,
1978-01,,-0.0006503048043124959,,,,
1978-02,,-0.0006503048043124959,,,,
1978-03,,-0.0006503048043124959,,,,
1978-04,,-0.0006503048043124959,,,,
1978-05,,-0.0006503048043124959,,,,
1978-06,,-0.0006503048043124959,,,,
1978-07,,-0.0006503048043124959,,,,
1978-08,,-0.0006503048043124959,,,,
1978-09,,-0.0006503048043124959,,,,
1978-10,,-0.0006503048043124959,,,,
1978-11,,-0.0006503048043124959,,,,
1978-12,,-0.0006503048043124959,,,,
1979-01,,0.0005572226836305649,,,,
1979-02,,0.0005572226836305649,,,,
1979-03,,0.0005572226836305649,,,,
1979-04,,0.0005572226836305649,,,,
1979-05,,0.0005572226836305649,,,,
1979-06,,0.0005572226836305649,,,,
1979-07,,0.0005572226836305649,,,,
1979-08,,0.0005572226836305649,,,,
1979-09,,0.0005572226836305649,,,,
1979-10,,0.0005572226836305649,,,,
1979-11,,0.0005572226836305649,,,,
1979-12,,0.0005572226836305649,,,,
1980-01,,-0.002526260595376306,,,,
1980-02,,-0.002526260595376306,,,,
1980-03,,-0.002526260595376306,,,,
1980-04,,-0.002526260595376306,,,,
1980-05,,-0.002526260595376306,,,,
1980-06,,-0.002526260595376306,,,,
1980-07,,-0.002526260595376306,,,,
1980-08,,-0.002526260595376306,,,,
1980-09,,-0.002526260595376306,,,,
1980-10,,-0.002526260595376306,,,,
1980-11,,-0.002526260595376306,,,,
1980-12,,-0.002526260595376306,,,,
1981-01,,0.006588604018571864,,,,
1981-02,,0.006588604018571864,,,,
1981-03,,0.006588604018571864,,,,
1981-04,,0.006588604018571864,,,,
1981-05,,0.006588604018571864,,,,
1981-06,,0.006588604018571864,,,,
1981-07,,0.006588604018571864,,,,
1981-08,,0.006588604018571864,,,,
1981-09,,0.006588604018571864,,,,
1981-10,,0.006588604018571864,,,,
1981-11,,0.006588604018571864,,,,
1981-12,,0.006588604018571864,,,,
1982-01,,0.023930480015878386,,,,
1982-02,,0.023930480015878386,,,,
1982-03,,0.023930480015878386,,,,
1982-04,,0.023930480015878386,,,,
1982-05,,0.023930480015878386,,,,
1982-06,,0.023930480015878386,,,,
1982-07,,0.023930480015878386,,,,
1982-08,,0.023930480015878386,,,,
1982-09,,0.023930480015878386,,,,
1982-10,,0.023930480015878386,,,,
1982-11,,0.023930480015878386,,,,
1982-12,,0.023930480015878386,,,,
1983-01,,0.002628506528745689,,,,
1983-02,,0.002628506528745689,,,,
1983-03,,0.002628506528745689,,,,
1983-04,,0.002628506528745689,,,,
1983-05,,0.002628506528745689,,,,
1983-06,,0.002628506528745689,,,,
1983-07,,0.002628506528745689,,,,
1983-08,,0.002628506528745689,,,,
1983-09,,0.002628506528745689,,,,
1983-10,,0.002628506528745689,,,,
1983-11,,0.002628506528745689,,,,
1983-12,,0.002628506528745689,,,,
1984-01,,0.01078159141405921,,,,
1984-02,,0.01078159141405921,,,,
1984-03,,0.01078159141405921,,,,
1984-04,,0.01078159141405921,,,,
1984-05,,0.01078159141405921,,,,
1984-06,,0.01078159141405921,,,,
1984-07,,0.01078159141405921,,,,
1984-08,,0.01078159141405921,,,,
1984-09,,0.01078159141405921,,,,
1984-10,,0.01078159141405921,,,,
1984-11,,0.01078159141405921,,,,
1984-12,,0.01078159141405921,,,,
1985-01,,0.019251912914150626,,,,
1985-02,,0.019251912914150626,,,,
1985-03,,0.019251912914150626,,,,
1985-04,,0.019251912914150626,,,,
1985-05,,0.019251912914150626,,,,
1985-06,,0.019251912914150626,,,,
1985-07,,0.019251912914150626,,,,
1985-08,,0.019251912914150626,,,,
1985-09,,0.019251912914150626,,,,
1985-10,,0.019251912914150626,,,,
1985-11,,0.019251912914150626,,,,
1985-12,,0.019251912914150626,,,,
1986-01,,0.018281838111843918,,,,
1986-02,,0.018281838111843918,,,,
1986-03,,0.018281838111843918,,,,
1986-04,,0.018281838111843918,,,,
1986-05,,0.018281838111843918,,,,
1986-06,,0.018281838111843918,,,,
1986-07,,0.018281838111843918,,,,
1986-08,,0.018281838111843918,,,,
1986-09,,0.018281838111843918,,,,
1986-10,,0.018281838111843918,,,,
1986-11,,0.018281838111843918,,,,
1986-12,,0.018281838111843918,,,,
1987-01,,-0.00423083182135775,,,,
1987-02,,-0.00423083182135775,,,,
1987-03,,-0.00423083182135775,,,,
1987-04,,-0.00423083182135775,,,,
1987-05,,-0.00423083182135775,,,,
1987-06,,-0.00423083182135775,,,,
1987-07,,-0.00423083182135775,,,,
1987-08,,-0.00423083182135775,,,,
1987-09,,-0.00423083182135775,,,,
1987-10,,-0.00423083182135775,,,,
1987-11,,-0.00423083182135775,,,,
1987-12,,-0.00423083182135775,,,,
1988-01,,0.006607503267575865,,,,
1988-02,,0.006607503267575865,,,,
1988-03,,0.006607503267575865,,,,
1988-04,,0.006607503267575865,,,,
1988-05,,0.006607503267575865,,,,
1988-06,,0.006607503267575865,,,,
1988-07,,0.006607503267575865,,,,
1988-08,,0.006607503267575865,,,,
1988-09,,0.006607503267575865,,,,
1988-10,,0.006607503267575865,,,,
1988-11,,0.006607503267575865,,,,
1988-12,,0.006607503267575865,,,,
1989-01,,0.013668813246641376,,,,
1989-02,,0.013668813246641376,,,,
1989-03,,0.013668813246641376,,,,
1989-04,,0.013668813246641376,,,,
1989-05,,0.013668813246641376,,,,
1989-06,,0.013668813246641376,,,,
1989-07,,0.013668813246641376,,,,
1989-08,,0.013668813246641376,,,,
1989-09,,0.013668813246641376,,,,
1989-10,,0.013668813246641376,,,,
1989-11,,0.013668813246641376,,,,
1989-12,,0.013668813246641376,,,,
1990-01,,0.0050533058004798015,,,,
1990-02,,0.0050533058004798015,,,,
1990-03,,0.0050533058004798015,,,,
1990-04,,0.0050533058004798015,,,,
1990-05,,0.0050533058004798015,,,,
1990-06,,0.0050533058004798015,,,,
1990-07,,0.0050533058004798015,,,,
1990-08,,0.0050533058004798015,,,,
1990-09,,0.0050533058004798015,,,,
1990-10,,0.0050533058004798015,,,,
1990-11,,0.0050533058004798015,,,,
1990-12,,0.0050533058004798015,,,,
1991-01,,0.01171822327638039,,,,
1991-02,,0.01171822327638039,,,,
1991-03,,0.01171822327638039,,,,
1991-04,,0.01171822327638039,,,,
1991-05,,0.01171822327638039,,,,
1991-06,,0.01171822327638039,,,,
1991-07,,0.01171822327638039,,,,
1991-08,,0.01171822327638039,,,,
1991-09,,0.01171822327638039,,,,
1991-10,,0.01171822327638039,,,,
1991-11,,0.01171822327638039,,,,
1991-12,,0.01171822327638039,,,,
1992-01,,0.00748537456890408,,,,
1992-02,,0.00748537456890408,,,,
1992-03,,0.00748537456890408,,,,
1992-04,,0.00748537456890408,,,,
1992-05,,0.00748537456890408,,,,
1992-06,,0.00748537456890408,,,,
1992-07,,0.00748537456890408,,,,
1992-08,,0.00748537456890408,,,,
1992-09,,0.00748537456890408,,,,
1992-10,,0.00748537456890408,,,,
1992-11,,0.00748537456890408,,,,
1992-12,,0.00748537456890408,,,,
1993-01,,0.01113462167773216,,,,
1993-02,,0.01113462167773216,,,,
1993-03,,0.01113462167773216,,,,
1993-04,,0.01113462167773216,,,,
1993-05,,0.01113462167773216,,,,
1993-06,,0.01113462167773216,,,,
1993-07,,0.01113462167773216,,,,
1993-08,,0.01113462167773216,,,,
1993-09,,0.01113462167773216,,,,
1993-10,,0.01113462167773216,,,,
1993-11,,0.01113462167773216,,,,
1993-12,,0.01113462167773216,,,,
1994-01,,-0.006957361236167303,,,,
1994-02,,-0.006957361236167303,,,,
1994-03,,-0.006957361236167303,,,,
1994-04,,-0.006957361236167303,,,,
1994-05,,-0.006957361236167303,,,,
1994-06,,-0.006957361236167303,,,,
1994-07,,-0.006957361236167303,,,,
1994-08,,-0.006957361236167303,,,,
1994-09,,-0.006957361236167303,,,,
1994-10,,-0.006957361236167303,,,,
1994-11,,-0.006957361236167303,,,,
1994-12,,-0.006957361236167303,,,,
1995-01,,0.01773164933047111,,,,
1995-02,,0.01773164933047111,,,,
1995-03,,0.01773164933047111,,,,
1995-04,,0.01773164933047111,,,,
1995-05,,0.01773164933047111,,,,
1995-06,,0.01773164933047111,,,,
1995-07,,0.01773164933047111,,,,
1995-08,,0.01773164933047111,,,,
1995-09,,0.01773164933047111,,,,
1995-10,,0.01773164933047111,,,,
1995-11,,0.01773164933047111,,,,
1995-12,,0.01773164933047111,,,,
1996-01,,0.001182781728436666,,,,
1996-02,,0.001182781728436666,,,,
1996-03,,0.001182781728436666,,,,
1996-04,,0.001182781728436666,,,,
1996-05,,0.001182781728436666,,,,
1996-06,,0.001182781728436666,,,,
1996-07,,0.001182781728436666,,,,
1996-08,,0.001182781728436666,,,,
1996-09,,0.001182781728436666,,,,
1996-10,,0.001182781728436666,,,,
1996-11,,0.001182781728436666,,,,
1996-12,,0.001182781728436666,,,,
1997-01,,0.007927647491481338,,,,
1997-02,,0.007927647491481338,,,,
1997-03,,0.007927647491481338,,,,
1997-04,,0.007927647491481338,,,,
1997-05,,0.007927647491481338,,,,
1997-06,,0.007927647491481338,,,,
1997-07,,0.007927647491481338,,,,
1997-08,,0.007927647491481338,,,,
1997-09,,0.007927647491481338,,,,
1997-10,,0.007927647491481338,,,,
1997-11,,0.007927647491481338,,,,
1997-12,,0.007927647491481338,,,,
1998-01,,0.011657298516023484,,,,
1998-02,,0.011657298516023484,,0.019445966961257444,,
1998-03,,0.011657298516023484,,0.019445966961257444,,
1998-04,,0.011657298516023484,,0.018769265121506118,,
1998-05,,0.011657298516023484,,0.017744849287870457,,
1998-06,,0.011657298516023484,,0.017744849287870457,,
1998-07,,0.011657298516023484,,0.016011867773387367,,
1998-08,,0.011657298516023484,,0.016011867773387367,,
1998-09,,0.011657298516023484,,0.015309470499731193,,
1998-10,,0.011657298516023484,,0.014601687054440093,,
1998-11,,0.011657298516023484,,0.014601687054440093,,
1998-12,,0.011657298516023484,,0.013529721718319232,,
1999-01,,-0.007153345315848547,,0.01171491691985338,,
1999-02,,-0.007153345315848547,,0.01171491691985338,,
1999-03,,-0.007153345315848547,,0.01171491691985338,,
1999-04,,-0.007153345315848547,,0.01171491691985338,,
1999-05,,-0.007153345315848547,,0.01171491691985338,,
1999-06,,-0.007153345315848547,,0.01171491691985338,,
1999-07,,-0.007153345315848547,,0.01171491691985338,,
1999-08,,-0.007153345315848547,,0.01171491691985338,,
1999-09,,-0.007153345315848547,,0.012445137919713467,,
1999-10,,-0.007153345315848547,,0.012445137919713467,,
1999-11,,-0.007153345315848547,,0.014245748385667056,,
1999-12,,-0.007153345315848547,,0.014245748385667056,,
2000-01,,0.012920504694408086,,0.014245748385667056,,
2000-02,,0.012920504694408086,,0.014956257441789633,,
2000-03,,0.012920504694408086,,0.014956257441789633,,
2000-04,,0.012920504694408086,,0.014956257441789633,,
2000-05,,0.012920504694408086,,0.014956257441789633,,
2000-06,,0.012920504694408086,,0.014956257441789633,,
2000-07,,0.012920504694408086,,0.014956257441789633,,
2000-08,,0.012920504694408086,,0.016011867773387367,,
2000-09,,0.012920504694408086,,0.016011867773387367,,
2000-10,,0.012920504694408086,,0.016011867773387367,,
2000-11,,0.012920504694408086,,0.016011867773387367,,
2000-12,,0.012920504694408086,,0.016011867773387367,,
2001-01,,0.00452895107793716,,0.016011867773387367,,
2001-02,,0.00452895107793716,,0.016011867773387367,,
2001-03,,0.00452895107793716,,0.014601687054440093,,
2001-04,,0.00452895107793716,,0.014601687054440093,,
2001-05,,0.00452895107793716,,0.014601687054440093,,
2001-06,,0.00452895107793716,,0.013529721718319232,,
2001-07,,0.00452895107793716,,0.013529721718319232,,
2001-08,,0.00452895107793716,,0.012808087081983555,,
2001-09,,0.00452895107793716,,0.012808087081983555,,
2001-10,,0.00452895107793716,,0.01171491691985338,,
2001-11,,0.00452895107793716,,0.010608597246586804,,
2001-12,,0.00452895107793716,,0.010608597246586804,,
2002-01,,0.01180021358777994,4.1637,0.009488792934583046,,2239.56
2002-02,,0.01180021358777994,4.2046,0.009488792934583046,,2239.56
2002-03,,0.01180021358777994,4.1321,0.009488792934583046,,2239.56
2002-04,,0.01180021358777994,3.9802,0.009112468436904608,,2239.56
2002-05,,0.01180021358777994,4.0311,0.008734593823551906,,2239.56
2002-06,,0.01180021358777994,4.0418,0.008355155683635207,,2239.56
2002-07,,0.01180021358777994,4.1685,0.008355155683635207,,2239.56
2002-08,,0.01180021358777994,4.142,0.007974140428903764,,2239.56
2002-09,,0.01180021358777994,4.1482,0.007591534290582569,,2239.56
2002-10,,0.01180021358777994,4.0324,0.007207323316136716,,2239.56
2002-11,,0.01180021358777994,4.0078,0.007014611604140075,,2239.56
2002-12,,0.01180021358777994,3.8388,0.007014611604140075,,2239.56
2003-01,,0.0003122287543497748,3.8173,0.006821493365962272,100.8,2314.66
2003-02,,0.0003122287543497748,3.9135,0.006627966804368057,100.8,2314.66
2003-03,,0.0003122287543497748,4.0512,0.00643403011000343,100.8,2314.66
2003-04,,0.0003122287543497748,3.8406,0.006239681461285729,100.8,2314.66
2003-05,,0.0003122287543497748,3.7109,0.006044919024291717,100.8,2314.66
2003-06,,0.0003122287543497748,3.8966,0.005849740952645677,100.8,2314.66
2003-07,,0.0003122287543497748,3.8721,0.005849740952645677,100.8,2314.66
2003-08,,0.0003122287543497748,3.9944,0.005849740952645677,100.8,2314.66
2003-09,,0.0003122287543497748,3.9799,0.005849740952645677,100.8,2314.66
2003-10,,0.0003122287543497748,4.0234,0.005849740952645677,100.8,2314.66
2003-11,,0.0003122287543497748,3.935,0.005849740952645677,100.8,2314.66
2003-12,,0.0003122287543497748,3.7405,0.005849740952645677,100.8,2314.66
2004-01,,0.00366735253007211,3.8478,0.005849740952645677,103.5,2409.69
2004-02,,0.00366735253007211,3.9313,0.005849740952645677,103.5,2409.69
2004-03,,0.00366735253007211,3.8813,0.005849740952645677,103.5,2409.69
2004-04,,0.00366735253007211,4.0254,0.005849740952645677,103.5,2409.69
2004-05,,0.00366735253007211,3.8044,0.005849740952645677,103.5,2409.69
2004-06,,0.00366735253007211,3.747,0.005849740952645677,103.5,2409.69
2004-07,,0.00366735253007211,3.6299,0.00643403011000343,103.5,2409.69
2004-08,,0.00366735253007211,3.6816,0.006821493365962272,103.5,2409.69
2004-09,,0.00366735253007211,3.5569,0.006821493365962272,103.5,2409.69
2004-10,,0.00366735253007211,3.396,0.006821493365962272,103.5,2409.69
2004-11,,0.00366735253007211,3.1793,0.006821493365962272,103.5,2409.69
2004-12,,0.00366735253007211,2.9904,0.006821493365962272,103.5,2409.69
2005-01,,0.002358768089260055,3.12,0.006821493365962272,102.1,2506.93
2005-02,,0.002358768089260055,2.9501,0.006821493365962272,102.1,2506.93
2005-03,,0.002358768089260055,3.1518,0.00643403011000343,102.1,2506.93
2005-04,,0.002358768089260055,3.2988,0.006044919024291717,102.1,2506.93
2005-05,,0.002358768089260055,3.3265,0.006044919024291717,102.1,2506.93
2005-06,,0.002358768089260055,3.3461,0.005654145387405274,102.1,2506.93
2005-07,,0.002358768089260055,3.3689,0.005458130456946764,102.1,2506.93
2005-08,,0.002358768089260055,3.314,0.005458130456946764,102.1,2506.93
2005-09,,0.002358768089260055,3.2575,0.00526169427684775,102.1,2506.93
2005-10,,0.002358768089260055,3.3067,0.00526169427684775,102.1,2506.93
2005-11,,0.002358768089260055,3.3165,0.00526169427684775,102.1,2506.93
2005-12,,0.002358768089260055,3.2613,0.00526169427684775,102.1,2506.93
2006-01,,0.0016196613550685246,3.163,0.00526169427684775,101.0,2636.81
2006-02,,0.0016196613550685246,3.1768,0.005064834949770836,101.0,2636.81
2006-03,,0.0016196613550685246,3.2491,0.004867550565343048,101.0,2636.81
2006-04,,0.0016196613550685246,3.0841,0.004867550565343048,101.0,2636.81
2006-05,,0.0016196613550685246,3.0671,0.004867550565343048,101.0,2636.81
2006-06,,0.0016196613550685246,3.1816,0.004867550565343048,101.0,2636.81
2006-07,,0.0016196613550685246,3.0831,0.004867550565343048,101.0,2636.81
2006-08,,0.0016196613550685246,3.0651,0.004867550565343048,101.0,2636.81
2006-09,,0.0016196613550685246,3.1425,0.004867550565343048,101.0,2636.81
2006-10,,0.0016196613550685246,3.0631,0.004867550565343048,101.0,2636.81
2006-11,,0.0016196613550685246,2.8911,0.004867550565343048,101.0,2636.81
2006-12,,0.0016196613550685246,2.9105,0.004867550565343048,101.0,2636.81
2007-01,,0.008134300296131824,3.04,0.004867550565343048,102.5,2866.04
2007-02,,0.008134300296131824,2.9699,0.004867550565343048,102.5,2866.04
2007-03,,0.008134300296131824,2.9058,0.004867550565343048,102.5,2866.04
2007-04,,0.008134300296131824,2.7859,0.005064834949770836,102.5,2866.04
2007-05,,0.008134300296131824,2.8415,0.005064834949770836,102.5,2866.04
2007-06,,0.008134300296131824,2.7989,0.00526169427684775,102.5,2866.04
2007-07,,0.008134300296131824,2.7653,0.00526169427684775,102.5,2866.04
2007-08,,0.008134300296131824,2.799,0.005458130456946764,102.5,2866.04
2007-09,,0.008134300296131824,2.6647,0.005458130456946764,102.5,2866.04
2007-10,,0.008134300296131824,2.5155,0.005458130456946764,102.5,2866.04
2007-11,,0.008134300296131824,2.4589,0.005654145387405274,102.5,2866.04
2007-12,,0.008134300296131824,2.435,0.005654145387405274,102.5,2866.04
2008-01,,0.01538085293878888,2.4438,0.005849740952645677,104.2,3158.48
2008-02,,0.01538085293878888,2.3155,0.006044919024291717,104.2,3158.48
2008-03,,0.01538085293878888,2.2305,0.006239681461285729,104.2,3158.48
2008-04,0.0796789911149327,0.01538085293878888,2.2267,0.006239681461285729,104.2,3158.48
2008-05,0.008494823466949741,0.01538085293878888,2.1824,0.006239681461285729,104.2,3158.48
2008-06,-0.07975783100816003,0.01538085293878888,2.1194,0.00643403011000343,104.2,3158.48
2008-07,-0.03175057208237986,0.01538085293878888,2.0509,0.00643403011000343,104.2,3158.48
2008-08,-0.016543574593796184,0.01538085293878888,2.2691,0.00643403011000343,104.2,3158.48
2008-09,-0.12255932712526274,0.01538085293878888,2.3708,0.00643403011000343,104.2,3158.48
2008-10,-0.1841834988017803,0.01538085293878888,2.8472,0.00643403011000343,104.2,3158.48
2008-11,-0.08770457406630294,0.01538085293878888,2.9196,0.006239681461285729,104.2,3158.48
2008-12,0.05473781048758064,0.01538085293878888,2.9618,0.005654145387405274,104.2,3158.48
2009-01,-0.11382468382032274,-0.009772424794312173,3.4561,0.005064834949770836,103.5,3315.38
2009-02,-0.09694881889763773,-0.009772424794312173,3.6758,0.004867550565343048,103.5,3315.38
2009-03,0.09209809264305169,-0.009772424794312173,3.5416,0.004669839200035719,103.5,3315.38
2009-04,0.12774451097804396,-0.009772424794312173,3.2859,0.004669839200035719,103.5,3315.38
2009-05,0.104867256637168,-0.009772424794312173,3.1812,0.004669839200035719,103.5,3315.38
2009-06,-0.015218261914297093,-0.009772424794312173,3.1733,0.004471698917043021,103.5,3315.38
2009-07,0.09434729564863775,-0.009772424794312173,2.9525,0.004471698917043021,103.5,3315.38
2009-08,0.029728725380899323,-0.009772424794312173,2.8675,0.004471698917043021,103.5,3315.38
2009-09,0.04835799350415004,-0.009772424794312173,2.8852,0.004471698917043021,103.5,3315.38
2009-10,-0.026850258175559416,-0.009772424794312173,2.8595,0.004471698917043021,103.5,3315.38
2009-11,0.054120976299964596,-0.009772424794312173,2.7538,0.004471698917043021,103.5,3315.38
2009-12,0.01845637583892623,-0.009772424794312173,2.8503,0.004471698917043021,103.5,3315.38
2010-01,-0.05271828665568379,0.006792826076782221,2.9083,0.004471698917043021,102.6,3435.0
2010-02,0.021565217391304348,0.006792826076782221,2.9251,0.004471698917043021,102.6,3435.0
2010-03,0.06332992849846786,0.006792826076782221,2.872,0.004471698917043021,102.6,3435.0
2010-04,-0.0022414345180915562,0.006792826076782221,2.9305,0.004471698917043021,102.6,3435.0
2010-05,-0.0937098844672658,0.006792826076782221,3.3132,0.004471698917043021,102.6,3435.0
2010-06,-0.03576487252124638,0.006792826076782221,3.3946,0.004471698917043021,102.6,3435.0
2010-07,0.09327947117150193,0.006792826076782221,3.0731,0.004471698917043021,102.6,3435.0
2010-08,-0.04266039637218677,0.006792826076782221,3.1583,0.004471698917043021,102.6,3435.0
2010-09,0.09789473684210526,0.006792826076782221,2.925,0.004471698917043021,102.6,3435.0
2010-10,0.037711728986896675,0.006792826076782221,2.8873,0.004471698917043021,102.6,3435.0
2010-11,-0.02186633815829986,0.006792826076782221,3.1308,0.004471698917043021,102.6,3435.0
2010-12,0.07777078085642297,0.006792826076782221,2.9641,0.004471698917043021,102.6,3435.0
2011-01,0.010809231668127417,0.012470834582589907,2.8845,0.004669839200035719,104.3,3625.21
2011-02,0.030924855491329506,0.012470834582589907,2.8765,0.004669839200035719,104.3,3625.21
2011-03,-0.008410428931875602,0.012470834582589907,2.8229,0.004669839200035719,104.3,3625.21
2011-04,0.048063330506078694,0.012470834582589907,2.6501,0.004867550565343048,104.3,3625.21
2011-05,-0.019422713784731593,0.012470834582589907,2.7468,0.005064834949770836,104.3,3625.21
2011-06,-0.01760660247592849,0.012470834582589907,2.7517,0.00526169427684775,104.3,3625.21
2011-07,-0.022962755530663737,0.012470834582589907,2.8109,0.00526169427684775,104.3,3625.21
2011-08,-0.07366007451991974,0.012470834582589907,2.8695,0.00526169427684775,104.3,3625.21
2011-09,-0.10426980198019808,0.012470834582589907,3.2574,0.00526169427684775,104.3,3625.21
2011-10,0.1132987910189982,0.012470834582589907,3.1024,0.00526169427684775,104.3,3625.21
2011-11,-0.011479987589202545,0.012470834582589907,3.4248,0.00526169427684775,104.3,3625.21
2011-12,-0.00941619585687381,0.012470834582589907,3.4174,0.00526169427684775,104.3,3625.21
2012-01,0.05449936628643859,0.002443210113076466,3.2032,0.00526169427684775,103.7,3744.38
2012-02,0.04957932692307687,0.002443210113076466,3.073,0.00526169427684775,103.7,3744.38
2012-03,0.01116518751789286,0.002443210113076466,3.1191,0.00526169427684775,103.7,3744.38
2012-04,-0.011325028312570762,0.002443210113076466,3.1509,0.00526169427684775,103.7,3744.38
2012-05,-0.09278350515463918,0.002443210113076466,3.5372,0.005458130456946764,103.7,3744.38
2012-06,0.05050505050505061,0.002443210113076466,3.3885,0.005458130456946764,103.7,3744.38
2012-07,0.008413461538461675,0.002443210113076466,3.3508,0.005458130456946764,103.7,3744.38
2012-08,0.027711561382598227,0.002443210113076466,3.3353,0.005458130456946764,103.7,3744.38
2012-09,0.0269643374891273,0.002443210113076466,3.178,0.005458130456946764,103.7,3744.38
2012-10,-0.005081874647091977,0.002443210113076466,3.1806,0.005458130456946764,103.7,3744.38
2012-11,0.015891032917139558,0.002443210113076466,3.1585,0.00526169427684775,103.7,3744.38
2012-12,0.02905027932960902,0.002443210113076466,3.0996,0.005064834949770836,103.7,3744.38
2013-01,0.03773072747014106,-0.007923479745944428,3.0874,0.004867550565343048,100.9,3877.43
2013-02,-0.0010462987182841,-0.007923479745944428,3.1679,0.004669839200035719,100.9,3877.43
2013-03,0.018329405603561222,-0.007923479745944428,3.259,0.004273127766158069,100.9,3877.43
2013-04,0.028284906145538802,-0.007923479745944428,3.1721,0.004273127766158069,100.9,3877.43
2013-05,-0.0037509377344335793,-0.007923479745944428,3.2953,0.0040741237836483535,100.9,3877.43
2013-06,-0.026104417670682833,-0.007923479745944428,3.3175,0.0038746849921291737,100.9,3877.43
2013-07,0.045876288659793873,-0.007923479745944428,3.1929,0.0036748094004368514,100.9,3877.43
2013-08,-0.022917693445046794,-0.007923479745944428,3.2209,0.0036748094004368514,100.9,3877.43
2013-09,0.05523329129886512,-0.007923479745944428,3.1227,0.0036748094004368514,100.9,3877.43
2013-10,0.03943594646271498,-0.007923479745944428,3.0507,0.0036748094004368514,100.9,3877.43
2013-11,0.015635778339848194,-0.007923479745944428,3.0846,0.0036748094004368514,100.9,3877.43
2013-12,0.020602218700475294,-0.007923479745944428,3.012,0.0036748094004368514,100.9,3877.43
2014-01,-0.04636202307009751,0.00854217243361921,3.1288,0.0036748094004368514,100.0,4003.99
2014-02,0.05210514073040229,0.00854217243361921,3.0254,0.0036748094004368514,100.0,4003.99
2014-03,0.005748397081583034,0.00854217243361921,3.0344,0.0036748094004368514,100.0,4003.99
2014-04,0.011870740822158776,0.00854217243361921,3.044,0.0036748094004368514,100.0,4003.99
2014-05,0.019986965022811276,0.00854217243361921,3.0435,0.0036748094004368514,100.0,4003.99
2014-06,0.018317358892438795,0.00854217243361921,3.0473,0.0036748094004368514,100.0,4003.99
2014-07,-0.014432127170048159,0.00854217243361921,3.1094,0.0036748094004368514,100.0,4003.99
2014-08,0.025679117147707986,0.00854217243361921,3.1965,0.0036748094004368514,100.0,4003.99
2014-09,-0.033105731429753815,0.00854217243361921,3.2973,0.0036748094004368514,100.0,4003.99
2014-10,0.011983736357800145,0.00854217243361921,3.3459,0.0032737397821989145,100.0,4003.99
2014-11,0.013744977796574354,0.00854217243361921,3.3605,0.0032737397821989145,100.0,4003.99
2014-12,-0.023571130579891464,0.00854217243361921,3.5072,0.0032737397821989145,100.0,4003.99
2015-01,-0.013031403546250764,0.001064001049094765,3.7204,0.0032737397821989145,99.1,4150.86
2015-02,0.054978354978354904,0.001064001049094765,3.698,0.0032737397821989145,99.1,4150.86
2015-03,-0.014567090685268735,0.001064001049094765,3.8125,0.002870898719076642,99.1,4150.86
2015-04,0.028523839267124762,0.001064001049094765,3.5987,0.002870898719076642,99.1,4150.86
2015-05,0.0,0.001064001049094765,3.7671,0.002870898719076642,99.1,4150.86
2015-06,-0.025708502024291424,0.001064001049094765,3.7645,0.002870898719076642,99.1,4150.86
2015-07,0.008310824849366183,0.001064001049094765,3.7929,0.002870898719076642,99.1,4150.86
2015-08,-0.06820523387595301,0.001064001049094765,3.778,0.002870898719076642,99.1,4150.86
2015-09,-0.0342768686421937,0.001064001049094765,3.7754,0.002870898719076642,99.1,4150.86
2015-10,0.07648271124341655,0.001064001049094765,3.8748,0.002870898719076642,99.1,4150.86
2015-11,-0.005318017443097234,0.001064001049094765,4.0304,0.002870898719076642,99.1,4150.86
2015-12,-0.020958083832335217,0.001064001049094765,3.9011,0.002870898719076642,99.1,4150.86
2016-01,-0.05307994757536039,0.0005736453800397889,4.0723,0.002870898719076642,99.4,4290.52
2016-02,-0.01245674740484426,0.0005736453800397889,3.9935,0.002870898719076642,99.4,4290.52
2016-03,0.0738145293155803,0.0005736453800397889,3.759,0.002870898719076642,99.4,4290.52
2016-04,0.013487056776158468,0.0005736453800397889,3.8738,0.002870898719076642,99.4,4290.52
2016-05,0.0034342133505043115,0.0005736453800397889,3.9369,0.002870898719076642,99.4,4290.52
2016-06,-0.0006417112299464955,0.0005736453800397889,3.9803,0.002870898719076642,99.4,4290.52
2016-07,0.03767123287671237,0.0005736453800397889,3.9364,0.002870898719076642,99.4,4290.52
2016-08,0.0035066006600661392,0.0005736453800397889,3.9082,0.002870898719076642,99.4,4290.52
2016-09,0.00945529290853031,0.0005736453800397889,3.8558,0.002870898719076642,99.4,4290.52
2016-10,-0.019140704540826614,0.0005736453800397889,3.9488,0.002870898719076642,99.4,4290.52
2016-11,0.010379904504878468,0.0005736453800397889,4.1721,0.002870898719076642,99.4,4290.52
2016-12,0.019519211012944293,0.0005736453800397889,4.1793,0.002870898719076642,99.4,4290.52
2017-01,0.0290205562273278,0.0023053083243578243,4.0446,0.002870898719076642,102.0,4527.89
2017-02,0.02526439482961229,0.0023053083243578243,4.077,0.002870898719076642,102.0,4527.89
2017-03,0.013371537726838412,0.0023053083243578243,3.9455,0.002870898719076642,102.0,4527.89
2017-04,0.01621112158341176,0.0023053083243578243,3.8696,0.002870898719076642,102.0,4527.89
2017-05,0.022073826748284286,0.0023053083243578243,3.7354,0.002870898719076642,102.0,4527.89
2017-06,0.007803992740471832,0.0023053083243578243,3.7062,0.002870898719076642,102.0,4527.89
2017-07,0.02737259139204018,0.0023053083243578243,3.6264,0.002870898719076642,102.0,4527.89
2017-08,0.004031551270815115,0.0023053083243578243,3.5822,0.002870898719076642,102.0,4527.89
2017-09,0.0188547486033519,0.0023053083243578243,3.6519,0.002870898719076642,102.0,4527.89
2017-10,0.021418779986291936,0.0023053083243578243,3.6529,0.002870898719076642,102.0,4527.89
2017-11,0.020130850528434774,0.0023053083243578243,3.5543,0.002870898719076642,102.0,4527.89
2017-12,0.014635750698898109,0.0023053083243578243,3.4813,0.002870898719076642,102.0,4527.89
2018-01,0.05688816855753642,-1.391138577511164e-05,3.3318,0.0025473393892132545,101.6,4834.76
2018-02,-0.04462505750651735,-1.391138577511164e-05,3.4188,0.0025473393892132545,101.6,4834.76
2018-03,-0.01508828250401284,-1.391138577511164e-05,3.4139,0.0025473393892132545,101.6,4834.76
2018-04,0.004074315514993376,-1.391138577511164e-05,3.4868,0.0025473393892132545,101.6,4834.76
2018-05,0.004707028079857123,-1.391138577511164e-05,3.72,0.0025473393892132545,101.6,4834.76
2018-06,-0.0058158319870759145,-1.391138577511164e-05,3.744,0.0025473393892132545,101.6,4834.76
2018-07,0.030711732206694764,-1.391138577511164e-05,3.6481,0.0025473393892132545,101.6,4834.76
2018-08,0.006936780703137302,-1.391138577511164e-05,3.6808,0.0025473393892132545,101.6,4834.76
2018-09,0.006106153123532243,-1.391138577511164e-05,3.6754,0.0025473393892132545,101.6,4834.76
2018-10,-0.07438530967942747,-1.391138577511164e-05,3.8203,0.002870898719076642,101.6,4834.76
2018-11,0.01580363147276409,-1.391138577511164e-05,3.7731,0.002870898719076642,101.6,4834.76
2018-12,-0.07199602780536252,-1.391138577511164e-05,3.7597,0.002870898719076642,101.6,4834.76
2019-01,0.08043517032281078,0.007695478632317343,3.7271,0.0031128168457330574,102.3,5181.63
2019-02,0.024595576097722116,0.007695478632317343,3.7853,0.0031128168457330574,102.3,5181.63
2019-03,0.015788625745126517,0.007695478632317343,3.8365,0.0031128168457330574,102.3,5181.63
2019-04,0.03425852498017434,0.007695478632317343,3.8291,0.0031128168457330574,102.3,5181.63
2019-05,-0.06072688238000301,0.007695478632317343,3.8498,0.0031128168457330574,102.3,5181.63
2019-06,0.06481632653061231,0.007695478632317343,3.7336,0.0031128168457330574,102.3,5181.63
2019-07,0.0007666360012266171,0.007695478632317343,3.8504,0.0031128168457330574,102.3,5181.63
2019-08,-0.02206220315612073,0.007695478632317343,3.9717,0.002870898719076642,102.3,5181.63
2019-09,0.022403258655804503,0.007695478632317343,4.0,0.0031128168457330574,102.3,5181.63
2019-10,0.02742874655225247,0.007695478632317343,3.8174,0.0031128168457330574,102.3,5181.63
2019-11,0.023266219239373553,0.007695478632317343,3.9288,0.0031128168457330574,102.3,5181.63
2019-12,0.03439731817519309,0.007695478632317343,3.7977,0.0031128168457330574,102.3,5181.63
2020-01,-0.014372269973228047,0.008985598846731557,3.8999,0.003994400555316968,103.4,5523.32
2020-02,-0.07491065046461776,0.008985598846731557,3.9255,0.003994400555316968,103.4,5523.32
2020-03,-0.13398238293926745,0.008985598846731557,4.1466,0.003994400555316968,103.4,5523.32
2020-04,0.09814418272662384,0.008985598846731557,4.1729,0.003994400555316968,103.4,5523.32
2020-05,0.05102372440688985,0.008985598846731557,4.0031,0.0035947364110451296,103.4,5523.32
2020-06,0.029375386518243563,0.008985598846731557,3.9806,0.0035947364110451296,103.4,5523.32
2020-07,0.05361970561730267,0.008985598846731557,3.7166,0.0035947364110451296,103.4,5523.32
2020-08,0.06029935851746249,0.008985598846731557,3.6924,0.0035947364110451296,103.4,5523.32
2020-09,-0.029577843506318757,0.008985598846731557,3.8658,0.0035947364110451296,103.4,5523.32
2020-10,-0.022305347741756854,0.008985598846731557,3.9563,0.0035947364110451296,103.4,5523.32
2020-11,0.11761371687686006,0.008985598846731557,3.7364,0.0035947364110451296,103.4,5523.32
2020-12,0.04691264105490034,0.008985598846731557,3.7584,0.0035947364110451296,103.4,5523.32
2021-01,-0.003148843405595181,-0.0037566846343604077,3.746,0.004946515448805977,105.1,6001.02
2021-02,0.022961973028793548,-0.0037566846343604077,3.7247,0.004946515448805977,105.1,6001.02
2021-03,0.028503562945368044,-0.0037566846343604077,3.9676,0.004946515448805977,105.1,6001.02
2021-04,0.04249422632794464,-0.0037566846343604077,3.7746,0.004946515448805977,105.1,6001.02
2021-05,0.014731945059813789,-0.0037566846343604077,3.6724,0.004946515448805977,105.1,6001.02
2021-06,0.012553214714550842,-0.0037566846343604077,3.8035,0.004946515448805977,105.1,6001.02
2021-07,0.009163432514014636,-0.0037566846343604077,3.841,0.004946515448805977,105.1,6001.02
2021-08,0.021685717337891264,-0.0037566846343604077,3.8386,0.004946515448805977,105.1,6001.02
2021-09,-0.04224173985780011,-0.0037566846343604077,3.9925,0.004946515448805977,105.1,6001.02
2021-10,0.053930131004366944,-0.0037566846343604077,3.9664,0.004946515448805977,105.1,6001.02
2021-11,-0.023099233478350967,-0.0037566846343604077,4.1214,0.004946515448805977,105.1,6001.02
2021-12,0.038914219064786426,-0.0037566846343604077,4.06,0.004946515448805977,105.1,6001.02
2022-01,-0.045519493774239694,-0.0162299895922694,4.1147,0.012007701155556605,114.4,6705.62
2022-02,-0.030581693755346473,-0.0162299895922694,4.1965,0.01219021925272834,114.4,6705.62
2022-03,0.019413192146481517,-0.0162299895922694,4.1801,0.01219021925272834,114.4,6705.62
2022-04,-0.08071845920796372,-0.0162299895922694,4.4072,0.01219021925272834,114.4,6705.62
2022-05,0.00447269303201514,-0.0162299895922694,4.2651,0.01219021925272834,114.4,6705.62
2022-06,-0.08097023670025771,-0.0162299895922694,4.4825,0.01219021925272834,114.4,6705.62
2022-07,0.07063623613413217,-0.0162299895922694,4.6365,0.01219021925272834,114.4,6705.62
2022-08,-0.04370608550672861,-0.0162299895922694,4.736,0.01219021925272834,114.4,6705.62
2022-09,-0.09389788293897872,-0.0162299895922694,4.9533,0.01219021925272834,114.4,6705.62
2022-10,0.06349642660802624,-0.0162299895922694,4.734,0.01219021925272834,114.4,6705.62
2022-11,0.08335487205996395,-0.0162299895922694,4.5066,0.01219021925272834,114.4,6705.62
2022-12,-0.046164857449600416,-0.0162299895922694,4.4018,0.01219021925272834,114.4,6705.62
2023-01,0.07516258129064535,0.0031772200986699417,4.348,0.009975719105089098,111.4,7595.3
2023-02,-0.03326741886704665,0.0031772200986699417,4.4475,0.009975719105089098,111.4,7595.3
2023-03,0.03332932258452659,0.0031772200986699417,4.2934,0.009975719105089098,111.4,7595.3
2023-04,0.015719608756404435,0.0031772200986699417,4.1753,0.009975719105089098,111.4,7595.3
2023-05,-0.010546830218961412,0.0031772200986699417,4.2559,0.009975719105089098,111.4,7595.3
2023-06,0.05793071486502144,0.0031772200986699417,4.1066,0.009975719105089098,111.4,7595.3
2023-07,0.03592158580659288,0.0031772200986699417,3.9995,0.009975719105089098,111.4,7595.3
2023-08,-0.029072840680833045,0.0031772200986699417,4.1074,0.009975719105089098,111.4,7595.3
2023-09,-0.04279181184669001,0.0031772200986699417,4.3697,0.009975719105089098,111.4,7595.3
2023-10,-0.02548060516437256,0.0031772200986699417,4.1684,0.010162312880815705,111.4,7595.3
2023-11,0.08894595541029537,0.0031772200986699417,3.981,0.010162312880815705,111.4,7595.3
2023-12,0.04812948869117806,0.0031772200986699417,3.935,0.010162312880815705,111.4,7595.3
2024-01,0.00276130087952553,-0.0013746626445549914,4.0135,0.004153777442692519,103.6,8630.27
2024-02,0.04507904130545648,-0.0013746626445549914,3.9803,0.004153777442692519,103.6,8630.27
2024-03,0.03259490582609548,-0.0013746626445549914,3.9886,0.004153777442692519,103.6,8630.27
2024-04,-0.03553539363009173,-0.0013746626445549914,4.0341,0.004153777442692519,103.6,8630.27
2024-05,0.04576188143067128,-0.0013746626445549914,3.9389,0.004153777442692519,103.6,8630.27
2024-06,0.02042728635682156,-0.0013746626445549914,4.032,0.0045510066248739545,103.6,8630.27
2024-07,0.015335169880624333,-0.0013746626445549914,3.9689,0.0045510066248739545,103.6,8630.27
2024-08,0.024961562810889015,-0.0013746626445549914,3.8644,0.0045510066248739545,103.6,8630.27
2024-09,0.02197123444807203,-0.0013746626445549914,3.8193,0.0045510066248739545,103.6,8630.27
2024-10,-0.020894491452253416,-0.0013746626445549914,4.0059,0.0045510066248739545,103.6,8630.27
2024-11,0.04029982363315687,-0.0013746626445549914,4.077,0.0045510066248739545,103.6,8630.27
2024-12,-0.02653216919555812,-0.0013746626445549914,4.1012,0.0045510066248739545,103.6,8630.27
2025-01,0.03134796238244508,0.006275068781961712,4.0576,0.0045510066248739545,103.6,9378.98
2025-02,-0.002955082742316706,0.006275068781961712,3.9993,0.0045510066248739545,103.6,9378.98
2025-03,-0.036751630112625944,0.006275068781961712,3.8643,0.0045510066248739545,103.6,9378.98
2025-04,0.005186813186813133,0.006275068781961712,3.7617,0.0045510066248739545,103.6,9378.98
2025-05,0.05693545565856217,0.006275068781961712,3.7537,0.0045510066248739545,103.6,9378.98
2025-06,0.048076127430699334,0.006275068781961712,3.6164,0.0045510066248739545,103.6,9378.98
2025-07,0.010579504184430766,0.006275068781961712,3.7257,0.0045510066248739545,103.6,9378.98
2025-08,0.026718749999999902,0.006275068781961712,3.6559,0.0045510066248739545,103.6,9378.98
2025-09,0.03599147770506783,0.006275068781961712,3.6315,0.0045510066248739545,103.6,9378.98
2025-10,0.022915901579140696,0.006275068781961712,3.6751,0.0045510066248739545,103.6,9378.98
2025-11,0.0004308178358585213,0.006275068781961712,3.6624,0.0045510066248739545,103.6,9378.98
2025-12,0.008971506495370596,0.006275068781961712,3.6016,0.0045510066248739545,103.6,9378.98
2026-01,0.028311281832408497,,3.5379,0.004867550565343048,,
2026-02,0.012935805201992334,,3.5804,0.004867550565343048,,
2026-03,-0.061121354913610704,,3.7408,0.004669839200035719,,
2026-04,0.09514111143439052,,3.646,0.004669839200035719,,
2026-05,0.04622741764080773,,3.6395,0.004669839200035719,,
2026-06,-0.0034916201117318746,,3.7708,0.004669839200035719,,
2026-07,-0.0034401477989424167,,3.7425,0.004669839200035719,,
2026-08,,,3.7209,0.004669839200035719,,
