month,portfolio_value,target,ppk,ikze,ike,oki,standard,dividend_tax,rebalancing_tax
2008-04,10123.028173486893,2850000.0,0.0,0.0,0.0,0.0,10123.028173486893,1.805,0.0
2008-05,19436.484727163523,2850000.0,0.0,0.0,0.0,0.0,19436.484727163523,3.7530910581291206,0.0
2008-06,26437.67787845322,2850000.0,0.0,0.0,0.0,0.0,26437.67787845322,5.513154327906314,0.0
2008-07,34098.8221623186,2850000.0,0.0,0.0,0.0,0.0,34098.8221623186,6.729752422375501,0.0
2008-08,47196.989269167636,2850000.0,0.0,0.0,0.0,0.0,47196.989269167636,8.107756270377601,0.0
2008-09,53368.984159957494,2850000.0,0.0,0.0,0.0,0.0,53368.984159957494,10.623680542102724,0.0
2008-10,63554.60362259555,2850000.0,0.0,0.0,0.0,0.0,63554.60362259555,11.54014762918761,0.0
2008-11,69936.8506813202,2850000.0,0.0,0.0,0.0,0.0,69936.8506813202,13.106802516830749,0.0
2008-12,83950.30814912326,2850000.0,0.0,0.0,0.0,0.0,83950.30814912326,14.06103413858309,0.0
2009-01,97959.80628132151,2991576.011245916,0.0,0.0,0.0,0.0,97959.80628132151,17.84522335545583,0.0
2009-02,105191.37261327042,2991576.011245916,0.0,0.0,0.0,0.0,105191.37261327042,20.340674433210314,0.0
2009-03,119272.44162813594,2991576.011245916,0.0,0.0,0.0,0.0,119272.44162813594,21.42278748066811,0.0
2009-04,132899.7787361166,2991576.011245916,0.0,0.0,0.0,0.0,132899.7787361166,24.42763366377017,0.0
2009-05,150370.96308104816,2991576.011245916,0.0,0.0,0.0,0.0,150370.96308104816,27.44397416231265,0.0
2009-06,157858.69187457836,2991576.011245916,0.0,0.0,0.0,0.0,157858.69187457836,31.239360441699553,0.0
2009-07,169163.0249985909,2991576.011245916,0.0,0.0,0.0,0.0,169163.0249985909,32.56959323134226,0.0
2009-08,178596.1877219951,2991576.011245916,0.0,0.0,0.0,0.0,178596.1877219951,35.043926064286396,0.0
2009-09,197054.39292257276,2991576.011245916,0.0,0.0,0.0,0.0,197054.39292257276,36.92736041114467,0.0
2009-10,200634.33259723795,2991576.011245916,0.0,0.0,0.0,0.0,200634.33259723795,40.831794844011576,0.0
2009-11,212476.2357013227,2991576.011245916,0.0,0.0,0.0,0.0,212476.2357013227,41.25966792552469,0.0
2009-12,232699.35382335534,2991576.011245916,0.0,0.0,0.0,0.0,232699.35382335534,43.76298505089314,171.6679902914013
2010-01,237214.38379135233,3099513.0569134518,0.0,0.0,0.0,0.0,237214.38379135233,46.20851908063808,0.0
2010-02,253296.900961008,3099513.0569134518,0.0,0.0,0.0,0.0,253296.900961008,46.607548828511014,0.0
2010-03,272587.3838979454,3099513.0569134518,0.0,0.0,0.0,0.0,272587.3838979454,49.831876303465926,0.0
2010-04,287823.59209272044,3099513.0569134518,0.0,0.0,0.0,0.0,287823.59209272044,53.968711888656095,0.0
2010-05,308205.9306966265,3099513.0569134518,0.0,0.0,0.0,0.0,308205.9306966265,56.885786195246006,0.0
2010-06,316608.0367359938,3099513.0569134518,0.0,0.0,0.0,0.0,316608.0367359938,60.22773579568559,0.0
2010-07,321038.6256276038,3099513.0569134518,0.0,0.0,0.0,0.0,321038.6256276038,61.43915884879117,0.0
2010-08,328357.5386298009,3099513.0569134518,0.0,0.0,0.0,0.0,328357.5386298009,62.74672824135566,0.0
2010-09,340730.4183688263,3099513.0569134518,0.0,0.0,0.0,0.0,340730.4183688263,63.672998314747495,0.0
2010-10,357716.740108133,3099513.0569134518,0.0,0.0,0.0,0.0,357716.740108133,66.67964564153242,0.0
2010-11,389355.04007652344,3099513.0569134518,0.0,0.0,0.0,0.0,389355.04007652344,70.23848860811091,0.0
2010-12,404212.1391763776,3099513.0569134518,0.0,0.0,0.0,0.0,404212.1391763776,76.43129265062996,162.84708993679666
2011-01,409137.5638575867,3271145.772650135,0.0,0.0,0.0,0.0,409137.5638575867,78.90297304661148,0.0
2011-02,429923.423186363,3271145.772650135,0.0,0.0,0.0,0.0,429923.423186363,79.65387018312303,0.0
2011-03,431110.3606296078,3271145.772650135,0.0,0.0,0.0,0.0,431110.3606296078,83.92893947266742,0.0
2011-04,434228.9544864426,3271145.772650135,0.0,0.0,0.0,0.0,434228.9544864426,83.71010722919827,0.0
2011-05,453171.0426060238,3271145.772650135,0.0,0.0,0.0,0.0,453171.0426060238,84.400899610288,0.0
2011-06,458977.5161281697,3271145.772650135,0.0,0.0,0.0,0.0,458977.5161281697,87.81912257717099,0.0
2011-07,470915.20447159506,3271145.772650135,0.0,0.0,0.0,0.0,470915.20447159506,88.46306004431263,0.0
2011-08,462969.9559263141,3271145.772650135,0.0,0.0,0.0,0.0,462969.9559263141,90.32716562980836,0.0
2011-09,488205.793129768,3271145.772650135,0.0,0.0,0.0,0.0,488205.793129768,87.45325785198747,0.0
2011-10,520097.1709761246,3271145.772650135,0.0,0.0,0.0,0.0,520097.1709761246,90.96019191426134,0.0
2011-11,576210.6253882276,3271145.772650135,0.0,0.0,0.0,0.0,576210.6253882276,98.4822028092942,0.0
2011-12,582124.8652827293,3271145.772650135,0.0,0.0,0.0,0.0,582124.8652827293,109.50028781082088,489.6969427395748
2012-01,584416.6066922831,3378676.768572225,0.0,0.0,0.0,0.0,584416.6066922831,112.73786331581158,0.0
2012-02,596931.2683433038,3378676.768572225,0.0,0.0,0.0,0.0,596931.2683433038,113.5248366168545,0.0
2012-03,622206.4817503539,3378676.768572225,0.0,0.0,0.0,0.0,622206.4817503539,116.40405970541362,0.0
2012-04,633693.5915591079,3378676.768572225,0.0,0.0,0.0,0.0,633693.5915591079,121.56226234480938,0.0
2012-05,662190.6688864988,3378676.768572225,0.0,0.0,0.0,0.0,662190.6688864988,123.50158521765748,0.0
2012-06,674295.9631883886,3378676.768572225,0.0,0.0,0.0,0.0,674295.9631883886,127.86900854056682,0.0
2012-07,683579.8568700542,3378676.768572225,0.0,0.0,0.0,0.0,683579.8568700542,130.76822642181907,0.0
2012-08,707655.3347928609,3378676.768572225,0.0,0.0,0.0,0.0,707655.3347928609,132.48826561657324,0.0
2012-09,703564.8133177764,3378676.768572225,0.0,0.0,0.0,0.0,703564.8133177764,137.61616126612935,0.0
2012-10,712750.1503767105,3378676.768572225,0.0,0.0,0.0,0.0,712750.1503767105,136.74581522104677,0.0
2012-11,729001.7533207067,3378676.768572225,0.0,0.0,0.0,0.0,729001.7533207067,138.2467572303308,0.0
2012-12,744907.2370537515,3378676.768572225,0.0,0.0,0.0,0.0,744907.2370537515,141.55173987251814,260.85601612257744
2013-01,776172.8389451448,3498732.1433094395,0.0,0.0,0.0,0.0,776172.8389451448,143.7978013740387,0.0
2013-02,805170.6476868739,3498732.1433094395,0.0,0.0,0.0,0.0,805170.6476868739,150.7938003829467,0.0
2013-03,849933.4496673788,3498732.1433094395,0.0,0.0,0.0,0.0,849933.4496673788,156.71858427173137,0.0
2013-04,859477.8122991578,3498732.1433094395,0.0,0.0,0.0,0.0,859477.8122991578,166.33306377320363,0.0
2013-05,898424.9501687333,3498732.1433094395,0.0,0.0,0.0,0.0,898424.9501687333,168.62575872302494,0.0
2013-06,895468.9816145494,3498732.1433094395,0.0,0.0,0.0,0.0,895468.9816145494,176.66559165116075,0.0
2013-07,908216.429202519,3498732.1433094395,0.0,0.0,0.0,0.0,908216.429202519,175.35740455161144,0.0
2013-08,909160.7369176619,3498732.1433094395,0.0,0.0,0.0,0.0,909160.7369176619,178.65884972682736,0.0
2013-09,934994.599588678,3498732.1433094395,0.0,0.0,0.0,0.0,934994.599588678,178.23889176535937,0.0
2013-10,956204.0682779584,3498732.1433094395,0.0,0.0,0.0,0.0,956204.0682779584,184.4930745719287,0.0
2013-11,989602.6861823556,3498732.1433094395,0.0,0.0,0.0,0.0,989602.6861823556,189.48842539955535,0.0
2013-12,994522.2037123286,3498732.1433094395,0.0,0.0,0.0,0.0,994522.2037123286,196.72906042147994,1389.7190825946507
2014-01,1003796.8236569373,3612931.378384539,0.0,0.0,0.0,0.0,1003796.8236569373,191.51145520401232,0.0
2014-02,1027276.775952705,3612931.378384539,0.0,0.0,0.0,0.0,1027276.775952705,191.92555112260868,0.0
2014-03,1047835.2617239626,3612931.378384539,0.0,0.0,0.0,0.0,1047835.2617239626,197.46327073579667,0.0
2014-04,1073955.0108374592,3612931.378384539,0.0,0.0,0.0,0.0,1073955.0108374592,201.39754288226789,0.0
2014-05,1104197.3463673727,3612931.378384539,0.0,0.0,0.0,0.0,1104197.3463673727,206.63980221496163,0.0
2014-06,1134930.0970535087,3612931.378384539,0.0,0.0,0.0,0.0,1134930.0970535087,212.93995711767317,0.0
2014-07,1155528.0850080177,3612931.378384539,0.0,0.0,0.0,0.0,1155528.0850080177,219.31332023753782,0.0
2014-08,1222978.3906919512,3612931.378384539,0.0,0.0,0.0,0.0,1222978.3906919512,222.75253092115588,0.0
2014-09,1237411.4691638197,3612931.378384539,0.0,0.0,0.0,0.0,1237411.4691638197,237.07071731379713,0.0
2014-10,1279492.2847480425,3612931.378384539,0.0,0.0,0.0,0.0,1279492.2847480425,238.64310069159987,0.0
2014-11,1312145.568604238,3612931.378384539,0.0,0.0,0.0,0.0,1312145.568604238,247.25426698693155,0.0
2014-12,1350627.699214319,3612931.378384539,0.0,0.0,0.0,0.0,1350627.699214319,253.93476509176665,1089.8758995918072
2015-01,1422817.892237873,3745456.991970821,0.0,0.0,0.0,0.0,1422817.892237873,259.1984620332246,0.0
2015-02,1490586.1877922853,3745456.991970821,0.0,0.0,0.0,0.0,1490586.1877922853,273.6392525150384,0.0
2015-03,1527094.2171339565,3745456.991970821,0.0,0.0,0.0,0.0,1527094.2171339565,289.2068930897954,0.0
2015-04,1494729.8545018674,3745456.991970821,0.0,0.0,0.0,0.0,1494729.8545018674,296.0734034642069,0.0
2015-05,1571175.3998053002,3745456.991970821,0.0,0.0,0.0,0.0,1571175.3998053002,289.6940122775995,0.0
2015-06,1549675.3551992583,3745456.991970821,0.0,0.0,0.0,0.0,1549675.3551992583,305.5051877775994,0.0
2015-07,1583488.631393395,3745456.991970821,0.0,0.0,0.0,0.0,1583488.631393395,299.69432013517576,0.0
2015-08,1502611.7946624306,3745456.991970821,0.0,0.0,0.0,0.0,1502611.7946624306,306.71575641673303,0.0
2015-09,1472882.111563274,3745456.991970821,0.0,0.0,0.0,0.0,1472882.111563274,286.9215755878278,0.0
2015-10,1612909.6743950224,3745456.991970821,0.0,0.0,0.0,0.0,1612909.6743950224,279.1522713556481,0.0
2015-11,1677415.2839445134,3745456.991970821,0.0,0.0,0.0,0.0,1677415.2839445134,310.6736259199644,0.0
2015-12,1612561.0686153155,3745456.991970821,0.0,0.0,0.0,0.0,1612561.0686153155,323.67736428859735,478.84639125844524
2016-01,1617648.211007736,3871476.786302272,0.0,0.0,0.0,0.0,1617648.211007736,308.92951914924055,0.0
2016-02,1586389.356401781,3871476.786302272,0.0,0.0,0.0,0.0,1586389.356401781,307.6963970924739,0.0
2016-03,1603020.27371096,3871476.786302272,0.0,0.0,0.0,0.0,1603020.27371096,300.3112424828491,0.0
2016-04,1678118.5569681388,3871476.786302272,0.0,0.0,0.0,0.0,1678118.5569681388,305.8730573845403,0.0
2016-05,1720577.0886779896,3871476.786302272,0.0,0.0,0.0,0.0,1720577.0886779896,321.7940584933101,0.0
2016-06,1749832.0426094374,3871476.786302272,0.0,0.0,0.0,0.0,1749832.0426094374,330.4807220007859,0.0
2016-07,1797965.6523260875,3871476.786302272,0.0,0.0,0.0,0.0,1797965.6523260875,336.22786405267317,0.0
2016-08,1804248.6563685837,3871476.786302272,0.0,0.0,0.0,0.0,1804248.6563685837,347.36196225603163,0.0
2016-09,1808849.4914327925,3871476.786302272,0.0,0.0,0.0,0.0,1808849.4914327925,348.39437056573456,0.0
2016-10,1832588.419693076,3871476.786302272,0.0,0.0,0.0,0.0,1832588.419693076,349.284330420255,0.0
2016-11,1956012.4084077524,3871476.786302272,0.0,0.0,0.0,0.0,1956012.4084077524,353.1728626282942,0.0
2016-12,2001092.2112119903,3871476.786302272,0.0,0.0,0.0,0.0,2001092.2112119903,379.3267705753009,2123.9556509161116
2017-01,2001918.2128042444,4085663.51536182,0.0,0.0,0.0,0.0,2001918.2128042444,383.1986585970147,0.0
2017-02,2071626.33048952,4085663.51536182,0.0,0.0,0.0,0.0,2071626.33048952,384.042987106262,0.0
2017-03,2046683.1525438128,4085663.51536182,0.0,0.0,0.0,0.0,2046683.1525438128,399.3321406497666,0.0
2017-04,2051374.5123446444,4085663.51536182,0.0,0.0,0.0,0.0,2051374.5123446444,394.0456866576326,0.0
2017-05,2036402.7709019512,4085663.51536182,0.0,0.0,0.0,0.0,2036402.7709019512,395.1587523436824,0.0
2017-06,2048794.0912920847,4085663.51536182,0.0,0.0,0.0,0.0,2048794.0912920847,392.3024503605372,0.0
2017-07,2067444.4408909723,4085663.51536182,0.0,0.0,0.0,0.0,2067444.4408909723,394.7024069258678,0.0
2017-08,2065359.5298787951,4085663.51536182,0.0,0.0,0.0,0.0,2065359.5298787951,399.2033391281617,0.0
2017-09,2147846.3633666164,4085663.51536182,0.0,0.0,0.0,0.0,2147846.3633666164,398.3537254923604,0.0
2017-10,2199899.595977596,4085663.51536182,0.0,0.0,0.0,0.0,2199899.595977596,416.18820621526874,0.0
2017-11,2195312.4649966722,4085663.51536182,0.0,0.0,0.0,0.0,2195312.4649966722,427.63823315993096,0.0
2017-12,2191861.3004428213,4085663.51536182,0.0,0.0,0.0,0.0,2191861.3004428213,426.8864162365576,2364.8619656312426
2018-01,2217188.2574143927,4362562.3717737645,0.0,0.0,0.0,0.0,2217188.2574143927,419.66592702639616,0.0
2018-02,2201680.1373216095,4362562.3717737645,0.0,0.0,0.0,0.0,2201680.1373216095,427.08603514770437,0.0
2018-03,2186496.091254613,4362562.3717737645,0.0,0.0,0.0,0.0,2186496.091254613,421.2720519614061,0.0
2018-04,2250362.9482913017,4362562.3717737645,0.0,0.0,0.0,0.0,2250362.9482913017,416.91379364146235,0.0
2018-05,2410012.6445990717,4362562.3717737645,0.0,0.0,0.0,0.0,2410012.6445990717,430.1458837883496,0.0
2018-06,2427075.1368766828,4362562.3717737645,0.0,0.0,0.0,0.0,2427075.1368766828,463.66361634017613,0.0
2018-07,2443623.9011475067,4362562.3717737645,0.0,0.0,0.0,0.0,2443623.9011475067,466.51656625663117,0.0
2018-08,2491769.2276479746,4362562.3717737645,0.0,0.0,0.0,0.0,2491769.2276479746,471.1020110419675,0.0
2018-09,2515117.371832508,4362562.3717737645,0.0,0.0,0.0,0.0,2515117.371832508,481.19454304193044,0.0
2018-10,2461600.6737922416,4362562.3717737645,0.0,0.0,0.0,0.0,2461600.6737922416,485.9910061350601,0.0
2018-11,2479318.434376375,4362562.3717737645,0.0,0.0,0.0,0.0,2479318.434376375,470.1415840659124,0.0
2018-12,2340702.6401415206,4362562.3717737645,0.0,0.0,0.0,0.0,2340702.6401415206,474.24404858979653,1801.802331877212
2019-01,2489951.8787600254,4675554.538892126,0.0,0.0,0.0,0.0,2489951.8787600254,447.6091005574231,0.0
2019-02,2593434.236775728,4675554.538892126,0.0,0.0,0.0,0.0,2593434.236775728,482.199531818846,0.0
2019-03,2676846.775234606,4675554.538892126,0.0,0.0,0.0,0.0,2676846.775234606,504.5407186321905,0.0
2019-04,2764681.1858128947,4675554.538892126,0.0,0.0,0.0,0.0,2764681.1858128947,522.1961595105512,0.0
2019-05,2656496.367108996,4675554.538892126,0.0,0.0,0.0,0.0,2656496.367108996,541.7942200423843,0.0
2019-06,2736865.888606778,4675554.538892126,0.0,0.0,0.0,0.0,2736865.888606778,514.3860145003518,0.0
2019-07,2834413.1136740777,4675554.538892126,0.0,0.0,0.0,0.0,2834413.1136740777,533.9476689708291,0.0
2019-08,2880669.955297883,4675554.538892126,0.0,0.0,0.0,0.0,2880669.955297883,553.8189399482453,0.0
2019-09,2970406.2993776216,4675554.538892126,0.0,0.0,0.0,0.0,2970406.2993776216,561.3999824946169,0.0
2019-10,2927306.2555040363,4675554.538892126,0.0,0.0,0.0,0.0,2927306.2555040363,580.8012808867127,0.0
2019-11,3080912.242693605,4675554.538892126,0.0,0.0,0.0,0.0,3080912.242693605,572.2175633443914,0.0
2019-12,3082255.730656449,4675554.538892126,0.0,0.0,0.0,0.0,3082255.730656449,605.3478758255377,6296.740082264113
2020-01,3140409.3766044173,4983872.622274005,0.0,0.0,0.0,0.0,3140409.3766044173,589.9814221011292,0.0
2020-02,2988318.9529213225,4983872.622274005,0.0,0.0,0.0,0.0,2988318.9529213225,600.0688679146022,0.0
2020-03,2825275.069552015,4983872.622274005,0.0,0.0,0.0,0.0,2825275.069552015,561.6751839716084,0.0
2020-04,3076358.7235414116,4983872.622274005,0.0,0.0,0.0,0.0,3076358.7235414116,516.7472178805518,0.0
2020-05,3101618.9164955295,4983872.622274005,0.0,0.0,0.0,0.0,3101618.9164955295,574.0097116173569,0.0
2020-06,3177324.1754045626,4983872.622274005,0.0,0.0,0.0,0.0,3177324.1754045626,581.6734141627524,0.0
2020-07,3132803.3131260565,4983872.622274005,0.0,0.0,0.0,0.0,3132803.3131260565,598.3162367239984,0.0
2020-08,3283369.95238471,4983872.622274005,0.0,0.0,0.0,0.0,3283369.95238471,591.503383308223,0.0
2020-09,3361121.448119834,4983872.622274005,0.0,0.0,0.0,0.0,3361121.448119834,626.0043310047455,0.0
2020-10,3390989.258821632,4983872.622274005,0.0,0.0,0.0,0.0,3390989.258821632,638.9203796404609,0.0
2020-11,3540420.6804494355,4983872.622274005,0.0,0.0,0.0,0.0,3540420.6804494355,642.191025019378,0.0
2020-12,3710437.923574661,4983872.622274005,0.0,0.0,0.0,0.0,3710437.923574661,680.725833216445,4046.6605309356128
2021-01,3707269.183746378,5414916.985385375,0.0,0.0,0.0,0.0,3707269.183746378,709.1815184041408,0.0
2021-02,3773560.8662505983,5414916.985385375,0.0,0.0,0.0,0.0,3773560.8662505983,707.7588186018464,0.0
2021-03,4105836.336932919,5414916.985385375,0.0,0.0,0.0,0.0,4105836.336932919,723.036982355012,0.0
2021-04,4076332.189322171,5414916.985385375,0.0,0.0,0.0,0.0,4076332.189322171,795.2789537888398,0.0
2021-05,4040923.360761174,5414916.985385375,0.0,0.0,0.0,0.0,4040923.360761174,791.8522641962826,0.0
2021-06,4232125.805072981,5414916.985385375,0.0,0.0,0.0,0.0,4232125.805072981,784.8713754383228,0.0
2021-07,4319499.417192605,5414916.985385375,0.0,0.0,0.0,0.0,4319499.417192605,826.2068981666089,0.0
2021-08,4411286.2629261315,5414916.985385375,0.0,0.0,0.0,0.0,4411286.2629261315,845.0938102339566,0.0
2021-09,4429694.299820156,5414916.985385375,0.0,0.0,0.0,0.0,4429694.299820156,865.9686672241937,0.0
2021-10,4615641.15003741,5414916.985385375,0.0,0.0,0.0,0.0,4615641.15003741,865.7205608574079,0.0
2021-11,4705842.705217111,5414916.985385375,0.0,0.0,0.0,0.0,4705842.705217111,909.5238838038395,0.0
2021-12,4793370.970687747,5414916.985385375,0.0,0.0,0.0,0.0,4793370.970687747,926.2980288434044,14720.17221466537
2022-01,4690127.752415495,6050700.653478889,0.0,0.0,0.0,0.0,4690127.752415495,917.3694275653282,0.0
2022-02,4673835.9720600555,6050700.653478889,0.0,0.0,0.0,0.0,4673835.9720600555,890.8696041125477,0.0
2022-03,4746319.199805149,6050700.653478889,0.0,0.0,0.0,0.0,4746319.199805149,884.2661748034011,0.0
2022-04,4671795.90750865,6050700.653478889,0.0,0.0,0.0,0.0,4671795.90750865,901.3845080939045,0.0
2022-05,4570019.103588095,6050700.653478889,0.0,0.0,0.0,0.0,4570019.103588095,877.1122403933463,0.0
2022-06,4487936.760688763,6050700.653478889,0.0,0.0,0.0,0.0,4487936.760688763,856.105953887829,0.0
2022-07,4897219.807775196,6050700.653478889,0.0,0.0,0.0,0.0,4897219.807775196,830.376927589861,0.0
2022-08,4834635.643725741,6050700.653478889,0.0,0.0,0.0,0.0,4834635.643725741,923.0715459721306,0.0
2022-09,4674981.344522936,6050700.653478889,0.0,0.0,0.0,0.0,4674981.344522936,905.1302093797067,0.0
2022-10,4728860.556409454,6050700.653478889,0.0,0.0,0.0,0.0,4728860.556409454,861.2368608655488,0.0
2022-11,4839104.843938941,6050700.653478889,0.0,0.0,0.0,0.0,4839104.843938941,878.8552507680561,0.0
2022-12,4574869.643922384,6050700.653478889,0.0,0.0,0.0,0.0,4574869.643922384,909.8538540032774,9909.226576445737
2023-01,4824736.718950195,6853488.070210988,0.0,0.0,0.0,0.0,4824736.718950195,873.4095800865184,0.0
2023-02,4818905.484851456,6853488.070210988,0.0,0.0,0.0,0.0,4818905.484851456,931.5674236644087,0.0
2023-03,4820372.762984221,6853488.070210988,0.0,0.0,0.0,0.0,4820372.762984221,925.1494846005185,0.0
2023-04,4787544.7685259525,6853488.070210988,0.0,0.0,0.0,0.0,4787544.7685259525,926.8271321702291,0.0
2023-05,4856964.573892122,6853488.070210988,0.0,0.0,0.0,0.0,4856964.573892122,919.4671314747635,0.0
2023-06,4949990.444065281,6853488.070210988,0.0,0.0,0.0,0.0,4949990.444065281,931.300787809665,0.0
2023-07,5001676.017323595,6853488.070210988,0.0,0.0,0.0,0.0,5001676.017323595,954.6525189977849,0.0
2023-08,5029613.588016813,6853488.070210988,0.0,0.0,0.0,0.0,5029613.588016813,967.1081963694019,0.0
2023-09,5161509.109048336,6853488.070210988,0.0,0.0,0.0,0.0,5161509.109048336,968.2737487455734,0.0
2023-10,4873542.41880208,6853488.070210988,0.0,0.0,0.0,0.0,4873542.41880208,989.9770575238282,0.0
2023-11,5036066.642569341,6853488.070210988,0.0,0.0,0.0,0.0,5036066.642569341,924.2488191371676,0.0
2023-12,5199265.909450809,6853488.070210988,0.0,0.0,0.0,0.0,5199265.909450809,965.1764176343574,6047.771995809201
2024-01,5330569.918367187,7787375.414756466,0.0,0.0,0.0,0.0,5330569.918367187,993.9416039042031,0.0
2024-02,5508526.650932564,7787375.414756466,0.0,0.0,0.0,0.0,5508526.650932564,1021.0995281152318,0.0
2024-03,5690760.65715277,7787375.414756466,0.0,0.0,0.0,0.0,5690760.65715277,1062.8216417364602,0.0
2024-04,5608311.179758051,7787375.414756466,0.0,0.0,0.0,0.0,5608311.179758051,1104.255169557599,0.0
2024-05,5717291.210357607,7787375.414756466,0.0,0.0,0.0,0.0,5717291.210357607,1081.649899812307,0.0
2024-06,5963560.2974864915,7787375.414756466,0.0,0.0,0.0,0.0,5963560.2974864915,1108.9493082310985,0.0
2024-07,5978136.434314349,7787375.414756466,0.0,0.0,0.0,0.0,5978136.434314349,1162.8325312635834,0.0
2024-08,5979907.2638256345,7787375.414756466,0.0,0.0,0.0,0.0,5979907.2638256345,1166.6496226306165,0.0
2024-09,6049058.485251791,7787375.414756466,0.0,0.0,0.0,0.0,6049058.485251791,1168.7471955969138,0.0
2024-10,6234569.188805695,7787375.414756466,0.0,0.0,0.0,0.0,6234569.188805695,1184.9459405517096,0.0
2024-11,6572159.333264951,7787375.414756466,0.0,0.0,0.0,0.0,6572159.333264951,1221.3235872410378,0.0
2024-12,6472390.674268209,7787375.414756466,0.0,0.0,0.0,0.0,6472390.674268209,1297.5317330791224,15299.443138971872
2025-01,6604840.01628996,8462960.981231477,0.0,0.0,0.0,0.0,6604840.01628996,1238.0209975954774,0.0
2025-02,6536323.223319443,8462960.981231477,0.0,0.0,0.0,0.0,6536323.223319443,1268.115912931019,0.0
2025-03,6182787.442446809,8462960.981231477,0.0,0.0,0.0,0.0,6182787.442446809,1251.049297974835,0.0
2025-04,6093378.897324896,8462960.981231477,0.0,0.0,0.0,0.0,6093378.897324896,1169.2471681928384,0.0
2025-05,6389791.38641354,8462960.981231477,0.0,0.0,0.0,0.0,6389791.38641354,1148.993747912299,0.0
2025-06,6449940.730460269,8462960.981231477,0.0,0.0,0.0,0.0,6449940.730460269,1216.7250327086804,0.0
2025-07,6714903.104824387,8462960.981231477,0.0,0.0,0.0,0.0,6714903.104824387,1233.4445263545135,0.0
2025-08,6776735.737321582,8462960.981231477,0.0,0.0,0.0,0.0,6776735.737321582,1289.0284286215212,0.0
2025-09,6965189.285118649,8462960.981231477,0.0,0.0,0.0,0.0,6965189.285118649,1303.5136973879248,0.0
2025-10,7205309.38019157,8462960.981231477,0.0,0.0,0.0,0.0,7205309.38019157,1346.2491630421134,0.0
2025-11,7218317.244614648,8462960.981231477,0.0,0.0,0.0,0.0,7218317.244614648,1398.448981342416,0.0
2025-12,7186546.778050431,8462960.981231477,0.0,0.0,0.0,0.0,7186546.778050431,1399.0114412032158,8269.457668487205
2026-01,7266199.975071159,8462960.981231477,0.0,0.0,0.0,0.0,7266199.975071159,1372.374960074708,0.0
2026-02,7455648.023073684,8462960.981231477,0.0,0.0,0.0,0.0,7455648.023073684,1391.0740476519832,0.0
2026-03,7407264.208205525,8462960.981231477,0.0,0.0,0.0,0.0,7407264.208205525,1430.7931867858395,0.0
2026-04,7821415.135229882,8462960.981231477,0.0,0.0,0.0,0.0,7821415.135229882,1408.3037289664587,0.0
2026-05,8135598.367013073,8462960.981231477,0.0,0.0,0.0,0.0,8135598.367013073,1507.9969839353378,0.0
2026-06,8412861.203057125,8462960.981231477,0.0,0.0,0.0,0.0,8412861.203057125,1579.6454844637938,0.0
2026-07,8365619.194665694,8462960.981231477,0.0,0.0,0.0,0.0,8365619.194665694,1635.6403149396288,0.0
